pickup_zone_id,dropoff_zone_id,departure_time,duration_min
163,238,2024-12-01T00:03:20,6.5
114,233,2024-12-01T00:47:20,10.35
114,249,2024-12-01T01:39:47,6.033333333333333
79,68,2024-12-01T01:31:22,15.166666666666666
144,148,2024-12-01T01:41:35,6.35
68,75,2024-12-01T01:30:21,16.4
100,163,2024-12-01T01:30:28,7.483333333333333
68,243,2024-12-01T02:02:13,23.25
230,74,2024-12-01T02:00:33,13.116666666666667
181,61,2024-12-01T03:07:03,9.016666666666667
263,244,2024-12-01T07:01:49,10.033333333333333
236,237,2024-12-01T07:52:47,2.65
132,223,2024-12-01T07:40:23,20.6
186,166,2024-12-01T07:48:18,20.183333333333334
132,82,2024-12-01T07:32:36,14.3
132,13,2024-12-01T09:01:39,36.9
138,230,2024-12-01T09:59:50,31.183333333333334
137,230,2024-12-01T08:40:33,12.266666666666667
164,246,2024-12-01T09:06:25,6.783333333333333
229,161,2024-12-01T10:47:18,6.733333333333333
132,75,2024-12-01T10:25:25,27.8
141,246,2024-12-01T10:36:36,21.3
237,263,2024-12-01T10:53:39,3.933333333333333
164,246,2024-12-01T10:41:56,7.9
234,158,2024-12-01T10:47:39,1.7333333333333334
230,138,2024-12-01T10:30:46,24.583333333333332
262,161,2024-12-01T10:30:38,13.866666666666667
65,261,2024-12-01T10:33:10,7.55
222,216,2024-12-01T10:16:51,15.783333333333333
48,163,2024-12-01T10:30:40,15.083333333333334
162,141,2024-12-01T11:13:43,9.2
161,239,2024-12-01T11:42:15,15.666666666666666
161,141,2024-12-01T11:49:08,6.6
48,234,2024-12-01T11:10:47,9.616666666666667
138,7,2024-12-01T11:15:13,11.316666666666666
162,186,2024-12-01T12:54:02,13.5
239,75,2024-12-01T12:07:20,13.933333333333334
43,142,2024-12-01T12:58:16,6.166666666666667
238,140,2024-12-01T12:13:55,14.916666666666666
262,141,2024-12-01T12:46:48,7.55
236,140,2024-12-01T12:07:50,7.866666666666666
132,61,2024-12-01T12:27:14,38.86666666666667
49,42,2024-12-01T12:41:21,35.333333333333336
132,13,2024-12-01T12:57:57,53.56666666666667
161,186,2024-12-01T12:53:48,15.116666666666667
163,236,2024-12-01T12:10:35,13.65
142,239,2024-12-01T13:08:18,3.183333333333333
114,143,2024-12-01T13:58:16,22.45
186,262,2024-12-01T13:49:32,34.11666666666667
142,239,2024-12-01T13:50:51,8.3
186,50,2024-12-01T13:22:17,14.066666666666666
152,222,2024-12-01T13:48:34,92.1
138,65,2024-12-01T13:07:42,29.65
100,164,2024-12-01T14:07:40,1.25
140,262,2024-12-01T14:41:31,2.5166666666666666
249,162,2024-12-01T14:48:41,20.133333333333333
68,142,2024-12-01T15:22:46,11.916666666666666
48,238,2024-12-01T15:43:34,10.233333333333333
107,209,2024-12-01T15:40:42,18.933333333333334
238,143,2024-12-01T15:48:59,7.633333333333334
236,246,2024-12-01T15:21:39,20.85
68,107,2024-12-01T16:53:28,10.833333333333334
90,249,2024-12-01T16:46:56,2.716666666666667
262,239,2024-12-01T16:47:32,6.95
137,162,2024-12-01T16:29:46,5.216666666666667
13,246,2024-12-01T16:11:09,13.35
114,239,2024-12-01T16:10:19,32.56666666666667
170,41,2024-12-01T16:54:38,17.2
140,87,2024-12-01T16:07:03,25.7
163,151,2024-12-01T17:37:08,13.716666666666667
164,142,2024-12-01T17:54:36,11.633333333333333
161,237,2024-12-01T17:14:41,5.75
237,163,2024-12-01T17:36:36,7.483333333333333
138,114,2024-12-01T17:19:51,36.016666666666666
66,263,2024-12-01T18:20:41,32.4
161,239,2024-12-01T18:17:39,20.333333333333332
162,237,2024-12-01T18:21:27,4.783333333333333
142,140,2024-12-01T18:12:51,13.833333333333334
161,166,2024-12-01T18:26:54,27.3
114,48,2024-12-01T18:35:46,21.266666666666666
239,140,2024-12-01T18:48:04,14.733333333333333
138,181,2024-12-01T18:07:33,37.86666666666667
132,28,2024-12-01T19:43:11,26.383333333333333
74,41,2024-12-01T19:41:23,9.05
87,234,2024-12-01T19:09:11,20.616666666666667
132,28,2024-12-01T19:52:01,20.683333333333334
230,236,2024-12-01T19:32:18,13.933333333333334
142,166,2024-12-01T20:49:43,17.533333333333335
237,141,2024-12-01T20:23:18,5.45
132,239,2024-12-01T20:09:53,55.0
161,233,2024-12-01T20:39:47,6.166666666666667
138,39,2024-12-01T20:37:03,33.9
239,238,2024-12-01T21:00:13,5.783333333333333
164,224,2024-12-01T21:32:40,9.966666666666667
158,161,2024-12-01T21:24:14,17.216666666666665
239,236,2024-12-01T21:24:41,6.883333333333334
132,237,2024-12-01T21:40:26,41.68333333333333
229,48,2024-12-01T21:18:19,16.866666666666667
43,262,2024-12-01T21:07:09,9.233333333333333
48,186,2024-12-01T22:31:32,8.8
255,234,2024-12-01T22:06:29,19.4
161,263,2024-12-01T21:56:41,9.983333333333333
249,79,2024-12-01T22:12:55,6.883333333333334
144,161,2024-12-01T22:01:43,14.166666666666666
132,186,2024-12-01T23:18:25,30.65
230,186,2024-12-01T23:17:57,6.466666666666667
132,162,2024-12-01T23:29:15,24.15
239,238,2024-12-01T23:10:16,2.15
138,130,2024-12-01T23:02:33,24.566666666666666
132,108,2024-12-01T23:11:48,24.216666666666665
132,113,2024-12-01T23:21:47,34.63333333333333
132,143,2024-12-02T01:37:50,35.63333333333333
163,1,2024-12-02T05:44:12,33.2
42,152,2024-12-02T05:52:30,11.45
239,236,2024-12-02T06:34:12,8.566666666666666
48,43,2024-12-02T06:29:47,17.1
141,237,2024-12-02T06:57:42,5.566666666666666
143,138,2024-12-02T06:57:32,35.766666666666666
236,162,2024-12-02T07:42:53,10.216666666666667
132,79,2024-12-02T07:21:54,97.98333333333333
170,234,2024-12-02T08:08:00,11.15
237,137,2024-12-02T08:00:49,16.116666666666667
141,262,2024-12-02T08:30:27,6.583333333333333
166,166,2024-12-02T08:11:46,31.25
236,237,2024-12-02T08:32:15,10.516666666666667
186,239,2024-12-02T08:48:49,32.05
238,163,2024-12-02T09:11:34,13.716666666666667
170,229,2024-12-02T09:09:10,9.516666666666667
141,141,2024-12-02T10:31:11,2.4166666666666665
238,230,2024-12-02T10:35:35,18.666666666666668
161,211,2024-12-02T10:53:26,20.416666666666668
186,141,2024-12-02T10:29:59,24.466666666666665
237,141,2024-12-02T10:26:27,5.316666666666666
237,237,2024-12-02T10:46:08,5.5
162,170,2024-12-02T10:59:28,15.85
262,239,2024-12-02T10:02:19,9.6
162,229,2024-12-02T11:00:27,1.7333333333333334
186,164,2024-12-02T11:10:49,25.383333333333333
41,238,2024-12-02T11:33:14,7.416666666666667
239,166,2024-12-02T11:47:32,13.8
162,239,2024-12-02T11:38:32,19.45
138,171,2024-12-02T11:49:48,14.8
239,114,2024-12-02T11:12:42,33.983333333333334
48,230,2024-12-02T11:42:03,12.516666666666667
234,249,2024-12-02T12:45:41,8.516666666666667
166,151,2024-12-02T12:17:18,6.25
161,186,2024-12-02T12:11:29,6.9
161,50,2024-12-02T12:38:19,21.416666666666668
229,224,2024-12-02T12:52:35,13.916666666666666
141,142,2024-12-02T12:58:20,10.883333333333333
161,234,2024-12-02T12:56:10,12.216666666666667
137,113,2024-12-02T13:22:47,18.4
186,162,2024-12-02T13:44:20,23.25
142,142,2024-12-02T13:00:53,2.6
138,237,2024-12-02T13:56:10,34.583333333333336
161,170,2024-12-02T13:02:15,14.966666666666667
114,17,2024-12-02T13:04:59,39.983333333333334
138,141,2024-12-02T13:05:38,36.8
161,237,2024-12-02T13:24:18,14.783333333333333
239,143,2024-12-02T14:48:56,8.466666666666667
234,163,2024-12-02T14:16:12,17.116666666666667
138,234,2024-12-02T14:42:12,44.1
236,166,2024-12-02T14:21:51,24.983333333333334
142,163,2024-12-02T14:53:47,11.366666666666667
236,234,2024-12-02T14:37:30,25.35
68,231,2024-12-02T14:00:39,22.466666666666665
163,186,2024-12-02T14:16:00,29.166666666666668
230,75,2024-12-02T14:53:35,36.1
236,43,2024-12-02T14:42:18,7.666666666666667
48,162,2024-12-02T14:18:02,18.5
246,186,2024-12-02T14:16:32,18.25
234,234,2024-12-02T14:13:13,5.766666666666667
161,7,2024-12-02T15:01:33,28.616666666666667
70,79,2024-12-02T15:25:36,35.016666666666666
186,230,2024-12-02T15:57:45,12.966666666666667
226,140,2024-12-02T15:08:31,26.266666666666666
186,211,2024-12-02T15:48:53,11.166666666666666
186,230,2024-12-02T15:29:30,5.683333333333334
107,137,2024-12-02T15:54:13,8.783333333333333
56,163,2024-12-02T16:16:14,45.7
186,162,2024-12-02T16:20:22,23.183333333333334
237,262,2024-12-02T16:06:17,8.483333333333333
263,237,2024-12-02T16:22:07,13.683333333333334
48,132,2024-12-02T16:18:41,90.61666666666666
234,229,2024-12-02T16:19:17,18.616666666666667
230,141,2024-12-02T16:50:15,20.366666666666667
138,170,2024-12-02T16:54:30,30.6
162,231,2024-12-02T16:07:20,37.766666666666666
79,224,2024-12-02T16:18:21,7.75
48,161,2024-12-02T17:45:28,14.933333333333334
229,186,2024-12-02T17:59:58,19.9
236,161,2024-12-02T17:49:30,16.283333333333335
244,42,2024-12-02T17:51:11,15.9
246,164,2024-12-02T17:25:10,6.716666666666667
234,144,2024-12-02T17:53:28,9.816666666666666
48,100,2024-12-02T17:28:21,16.95
239,143,2024-12-02T17:27:01,6.983333333333333
237,162,2024-12-02T17:39:28,8.116666666666667
236,142,2024-12-02T17:18:49,14.366666666666667
48,211,2024-12-02T17:37:03,18.866666666666667
186,170,2024-12-02T17:48:30,11.6
237,249,2024-12-02T18:51:45,22.516666666666666
170,137,2024-12-02T18:43:19,8.283333333333333
68,79,2024-12-02T18:22:53,16.433333333333334
142,143,2024-12-02T18:34:09,2.4166666666666665
186,137,2024-12-02T18:28:45,10.1
161,238,2024-12-02T18:40:15,18.883333333333333
239,142,2024-12-02T18:46:30,7.9
161,236,2024-12-02T18:24:17,13.366666666666667
141,233,2024-12-02T18:26:33,10.383333333333333
107,137,2024-12-02T18:04:28,3.466666666666667
202,231,2024-12-02T18:01:37,22.566666666666666
141,262,2024-12-02T18:46:40,8.55
230,144,2024-12-02T18:16:47,30.6
79,229,2024-12-02T19:14:52,11.7
142,137,2024-12-02T19:59:08,17.433333333333334
90,13,2024-12-02T19:18:37,14.1
68,170,2024-12-02T19:30:57,10.25
113,234,2024-12-02T19:33:54,8.766666666666667
162,90,2024-12-02T19:33:47,16.633333333333333
68,238,2024-12-02T19:22:25,17.533333333333335
211,186,2024-12-02T20:16:12,14.7
237,236,2024-12-02T20:49:46,8.383333333333333
239,239,2024-12-02T20:19:17,3.466666666666667
125,238,2024-12-02T20:06:26,20.283333333333335
236,238,2024-12-02T20:12:54,6.416666666666667
138,114,2024-12-02T20:55:29,20.883333333333333
138,161,2024-12-02T20:29:39,21.5
230,236,2024-12-02T21:19:44,12.816666666666666
239,142,2024-12-02T21:16:11,6.7
158,244,2024-12-02T21:26:32,20.916666666666668
238,164,2024-12-02T21:01:02,26.633333333333333
141,262,2024-12-02T21:24:43,4.766666666666667
138,87,2024-12-02T21:53:51,21.416666666666668
162,141,2024-12-02T21:55:36,7.633333333333334
230,100,2024-12-02T21:08:25,4.833333333333333
79,231,2024-12-02T21:46:03,11.483333333333333
138,164,2024-12-02T21:12:07,17.8
230,233,2024-12-02T22:03:52,7.116666666666666
249,114,2024-12-02T22:09:03,40.0
186,230,2024-12-02T22:38:35,5.75
142,223,2024-12-02T22:55:57,26.35
164,249,2024-12-02T22:11:12,10.483333333333333
142,48,2024-12-02T22:34:27,5.483333333333333
79,229,2024-12-02T22:00:02,11.85
161,186,2024-12-02T22:52:23,9.466666666666667
150,6,2024-12-02T22:10:29,14.633333333333333
164,161,2024-12-02T22:15:08,6.166666666666667
90,4,2024-12-02T22:15:20,13.016666666666667
138,80,2024-12-02T22:59:25,26.316666666666666
161,101,2024-12-02T22:47:35,34.93333333333333
132,170,2024-12-02T22:27:13,38.233333333333334
186,65,2024-12-02T23:29:40,32.766666666666666
230,68,2024-12-02T23:02:21,7.883333333333334
137,231,2024-12-03T00:32:48,14.166666666666666
186,263,2024-12-03T01:05:12,16.483333333333334
162,107,2024-12-03T06:59:49,9.3
236,75,2024-12-03T07:35:45,4.95
140,236,2024-12-03T07:52:46,3.8
236,262,2024-12-03T07:39:25,4.2
142,142,2024-12-03T07:05:41,3.033333333333333
237,162,2024-12-03T07:11:46,7.4
162,137,2024-12-03T07:40:39,10.533333333333333
170,246,2024-12-03T08:54:37,22.2
263,262,2024-12-03T08:44:25,6.9
166,151,2024-12-03T08:49:00,1.1833333333333333
229,141,2024-12-03T08:58:14,7.916666666666667
237,43,2024-12-03T08:59:02,13.983333333333333
238,43,2024-12-03T08:03:56,5.083333333333333
138,164,2024-12-03T08:51:09,48.31666666666667
238,230,2024-12-03T09:08:20,32.46666666666667
140,231,2024-12-03T09:06:04,29.083333333333332
237,237,2024-12-03T09:42:58,2.0
164,161,2024-12-03T09:41:12,17.75
162,162,2024-12-03T09:54:40,12.25
24,74,2024-12-03T09:04:50,14.9
163,237,2024-12-03T09:56:23,17.866666666666667
236,239,2024-12-03T09:40:40,8.433333333333334
132,230,2024-12-03T09:23:14,75.68333333333334
237,140,2024-12-03T10:39:47,12.616666666666667
141,236,2024-12-03T10:12:35,11.483333333333333
162,186,2024-12-03T10:49:21,26.2
68,48,2024-12-03T10:40:10,19.75
142,12,2024-12-03T10:45:30,24.166666666666668
236,162,2024-12-03T09:42:06,14.6
263,229,2024-12-03T10:33:00,13.016666666666667
238,161,2024-12-03T10:06:57,23.35
236,263,2024-12-03T11:09:02,5.883333333333334
170,237,2024-12-03T11:12:43,22.533333333333335
70,48,2024-12-03T11:20:58,60.55
239,142,2024-12-03T11:32:24,6.216666666666667
163,140,2024-12-03T11:17:02,26.083333333333332
186,163,2024-12-03T11:33:03,31.516666666666666
236,237,2024-12-03T11:12:43,7.0
13,107,2024-12-03T11:35:55,14.433333333333334
236,163,2024-12-03T11:00:40,23.683333333333334
162,238,2024-12-03T11:21:37,20.916666666666668
161,107,2024-12-03T11:21:23,16.466666666666665
162,236,2024-12-03T11:17:34,17.366666666666667
140,42,2024-12-03T11:44:34,23.133333333333333
50,68,2024-12-03T12:29:22,12.316666666666666
263,237,2024-12-03T12:42:27,12.733333333333333
140,237,2024-12-03T12:22:41,9.7
230,246,2024-12-03T12:53:13,8.766666666666667
262,229,2024-12-03T13:32:01,20.4
140,229,2024-12-03T13:35:47,12.983333333333333
239,48,2024-12-03T13:32:29,17.0
239,237,2024-12-03T13:55:47,18.4
186,163,2024-12-03T13:24:15,33.56666666666667
262,239,2024-12-03T14:55:16,16.333333333333332
263,237,2024-12-03T14:30:21,9.066666666666666
68,163,2024-12-03T14:31:02,33.983333333333334
237,236,2024-12-03T14:53:42,9.25
143,142,2024-12-03T14:02:01,5.233333333333333
48,142,2024-12-03T14:00:56,10.633333333333333
68,48,2024-12-03T14:18:27,13.55
142,236,2024-12-03T14:26:21,10.683333333333334
170,100,2024-12-03T14:43:20,12.483333333333333
142,170,2024-12-03T14:54:25,30.7
261,162,2024-12-03T14:18:47,31.533333333333335
236,236,2024-12-03T15:24:09,2.8333333333333335
170,161,2024-12-03T14:54:01,13.35
193,7,2024-12-03T15:13:32,7.383333333333334
140,141,2024-12-03T15:12:59,3.8666666666666667
141,142,2024-12-03T15:39:57,13.966666666666667
238,24,2024-12-03T15:21:07,8.0
238,24,2024-12-03T15:00:46,5.533333333333333
107,79,2024-12-03T15:13:40,5.6
237,137,2024-12-03T15:00:19,18.933333333333334
138,32,2024-12-03T15:07:49,40.21666666666667
79,181,2024-12-03T15:17:56,26.566666666666666
231,3,2024-12-03T15:50:34,141.11666666666667
186,75,2024-12-03T15:15:32,40.983333333333334
132,138,2024-12-03T15:43:04,43.483333333333334
230,236,2024-12-03T15:38:16,30.366666666666667
164,170,2024-12-03T16:53:10,5.366666666666666
237,262,2024-12-03T16:02:47,14.633333333333333
170,234,2024-12-03T16:32:48,3.9833333333333334
230,237,2024-12-03T16:47:10,30.166666666666668
48,143,2024-12-03T16:10:18,3.7666666666666666
236,237,2024-12-03T16:33:13,18.583333333333332
162,236,2024-12-03T16:04:46,10.633333333333333
238,237,2024-12-03T16:19:29,27.366666666666667
100,114,2024-12-03T17:22:51,24.133333333333333
234,233,2024-12-03T17:02:09,22.983333333333334
237,163,2024-12-03T17:27:26,29.4
162,148,2024-12-03T17:28:05,26.1
237,263,2024-12-03T17:21:52,6.566666666666666
141,75,2024-12-03T17:32:07,17.383333333333333
233,162,2024-12-03T17:55:53,12.666666666666666
249,68,2024-12-03T17:46:49,4.583333333333333
239,142,2024-12-03T17:25:33,2.316666666666667
138,249,2024-12-03T17:23:31,52.4
162,137,2024-12-03T17:35:14,13.466666666666667
143,186,2024-12-03T17:15:51,17.1
140,233,2024-12-03T18:38:18,12.283333333333333
148,4,2024-12-03T18:23:17,5.316666666666666
186,68,2024-12-03T18:33:55,5.366666666666666
186,237,2024-12-03T18:53:20,30.166666666666668
107,262,2024-12-03T18:28:01,31.766666666666666
164,143,2024-12-03T18:43:23,25.15
234,113,2024-12-03T18:37:00,9.583333333333334
88,87,2024-12-03T18:09:44,8.066666666666666
211,162,2024-12-03T19:38:00,23.55
237,162,2024-12-03T19:55:05,12.9
234,161,2024-12-03T19:38:58,18.35
90,263,2024-12-03T19:55:24,29.65
186,141,2024-12-03T19:18:17,24.1
125,141,2024-12-03T19:01:29,40.55
234,137,2024-12-03T19:38:12,9.75
231,186,2024-12-03T19:23:39,14.116666666666667
237,237,2024-12-03T19:45:33,2.2333333333333334
230,236,2024-12-03T20:38:27,13.383333333333333
229,140,2024-12-03T20:09:33,6.616666666666666
236,236,2024-12-03T20:06:44,1.6833333333333333
237,42,2024-12-03T20:34:41,18.2
261,25,2024-12-03T20:05:34,16.85
229,166,2024-12-03T20:15:26,21.383333333333333
166,43,2024-12-03T20:47:46,9.2
163,209,2024-12-03T20:59:16,21.566666666666666
43,181,2024-12-03T21:03:19,43.71666666666667
170,151,2024-12-03T21:16:10,22.133333333333333
164,162,2024-12-03T21:20:11,8.9
162,236,2024-12-03T21:19:42,13.683333333333334
163,236,2024-12-03T21:46:05,6.866666666666666
100,181,2024-12-03T21:11:22,28.216666666666665
79,137,2024-12-03T21:18:30,7.116666666666666
237,140,2024-12-03T22:14:21,7.583333333333333
161,142,2024-12-03T22:51:48,13.9
132,79,2024-12-03T22:23:46,33.45
163,140,2024-12-03T22:40:11,9.466666666666667
161,237,2024-12-03T22:10:30,9.45
132,112,2024-12-03T22:41:12,23.8
164,255,2024-12-03T22:22:29,24.466666666666665
164,68,2024-12-03T22:55:31,5.133333333333334
68,230,2024-12-03T22:45:56,11.266666666666667
132,230,2024-12-03T22:00:13,45.916666666666664
138,186,2024-12-03T22:37:04,21.683333333333334
79,90,2024-12-03T23:01:46,10.4
79,90,2024-12-03T23:39:48,5.866666666666666
100,170,2024-12-03T23:34:46,7.866666666666666
138,148,2024-12-04T00:18:23,21.516666666666666
230,107,2024-12-04T00:19:11,15.866666666666667
143,143,2024-12-04T01:32:02,4.166666666666667
162,246,2024-12-04T01:21:15,9.233333333333333
114,79,2024-12-04T01:52:06,9.283333333333333
132,28,2024-12-04T03:31:40,10.216666666666667
162,162,2024-12-04T06:58:53,2.85
132,142,2024-12-04T06:09:50,51.61666666666667
107,161,2024-12-04T07:04:52,13.616666666666667
236,237,2024-12-04T06:54:56,6.283333333333333
114,161,2024-12-04T07:13:03,13.166666666666666
100,162,2024-12-04T07:08:25,13.583333333333334
238,162,2024-12-04T07:45:22,36.0
48,163,2024-12-04T08:54:42,19.9
140,238,2024-12-04T08:37:09,15.516666666666667
140,263,2024-12-04T08:12:42,9.883333333333333
90,90,2024-12-04T08:28:07,5.133333333333334
43,45,2024-12-04T08:37:06,30.5
234,138,2024-12-04T08:00:23,27.65
143,230,2024-12-04T08:27:29,11.55
262,141,2024-12-04T08:19:43,6.716666666666667
262,229,2024-12-04T08:15:27,9.45
107,107,2024-12-04T08:23:56,6.033333333333333
141,162,2024-12-04T08:22:36,13.816666666666666
237,229,2024-12-04T08:33:56,11.833333333333334
252,45,2024-12-04T08:09:54,90.55
163,138,2024-12-04T08:36:46,34.95
236,237,2024-12-04T09:37:06,5.85
234,161,2024-12-04T09:18:28,13.733333333333333
186,170,2024-12-04T09:33:32,15.95
164,234,2024-12-04T09:35:58,4.85
68,170,2024-12-04T09:43:52,15.033333333333333
100,239,2024-12-04T09:45:20,23.383333333333333
236,162,2024-12-04T09:45:21,19.35
107,170,2024-12-04T09:10:57,6.7
170,164,2024-12-04T09:53:53,19.333333333333332
68,143,2024-12-04T10:48:20,31.383333333333333
163,68,2024-12-04T10:58:43,29.45
262,234,2024-12-04T10:53:41,17.666666666666668
262,229,2024-12-04T10:50:24,17.166666666666668
48,142,2024-12-04T10:39:44,13.15
162,263,2024-12-04T10:37:37,27.983333333333334
237,230,2024-12-04T10:43:06,15.083333333333334
132,197,2024-12-04T11:38:31,14.866666666666667
79,158,2024-12-04T11:13:17,13.633333333333333
142,48,2024-12-04T11:23:46,5.3
262,141,2024-12-04T11:07:12,12.8
125,68,2024-12-04T11:36:59,10.266666666666667
107,163,2024-12-04T11:03:38,31.883333333333333
236,74,2024-12-04T11:19:22,13.833333333333334
161,237,2024-12-04T11:52:33,11.383333333333333
162,263,2024-12-04T11:36:28,13.316666666666666
107,233,2024-12-04T11:26:57,22.9
161,163,2024-12-04T11:12:46,13.583333333333334
138,49,2024-12-04T11:23:41,39.15
231,42,2024-12-04T11:52:46,38.46666666666667
231,234,2024-12-04T11:50:24,17.583333333333332
13,48,2024-12-04T11:54:42,36.333333333333336
161,233,2024-12-04T11:33:58,10.883333333333333
48,48,2024-12-04T12:49:29,19.433333333333334
68,43,2024-12-04T12:01:15,30.7
236,239,2024-12-04T12:40:01,9.316666666666666
74,140,2024-12-04T12:45:10,16.15
161,234,2024-12-04T12:07:48,27.65
261,211,2024-12-04T12:13:00,12.083333333333334
186,140,2024-12-04T12:12:32,35.13333333333333
140,161,2024-12-04T12:38:19,18.683333333333334
141,236,2024-12-04T12:00:48,13.366666666666667
234,90,2024-12-04T13:44:36,4.7
239,142,2024-12-04T13:35:35,2.8333333333333335
246,163,2024-12-04T13:29:57,33.28333333333333
142,236,2024-12-04T13:47:31,12.6
237,141,2024-12-04T13:54:18,6.65
141,75,2024-12-04T13:45:20,10.3
238,140,2024-12-04T13:31:07,23.466666666666665
186,163,2024-12-04T13:48:24,32.1
161,66,2024-12-04T13:28:32,26.483333333333334
92,138,2024-12-04T13:58:46,10.283333333333333
246,230,2024-12-04T13:19:06,41.833333333333336
229,262,2024-12-04T13:37:31,15.666666666666666
170,233,2024-12-04T14:05:03,8.983333333333333
132,91,2024-12-04T14:50:47,43.1
236,237,2024-12-04T14:39:15,10.316666666666666
236,238,2024-12-04T14:06:40,7.683333333333334
125,114,2024-12-04T14:15:59,9.783333333333333
161,234,2024-12-04T14:26:32,7.5
48,48,2024-12-04T14:46:55,13.816666666666666
236,237,2024-12-04T14:37:54,13.033333333333333
230,50,2024-12-04T14:51:25,22.116666666666667
24,238,2024-12-04T15:06:51,5.783333333333333
161,68,2024-12-04T15:37:25,27.533333333333335
170,161,2024-12-04T15:19:04,19.75
140,162,2024-12-04T15:38:52,21.75
166,151,2024-12-04T15:26:09,1.7833333333333334
151,166,2024-12-04T15:09:00,13.283333333333333
140,239,2024-12-04T15:37:56,17.716666666666665
137,234,2024-12-04T15:00:47,9.933333333333334
162,229,2024-12-04T15:26:25,8.916666666666666
166,237,2024-12-04T15:02:18,29.416666666666668
186,140,2024-12-04T15:45:57,36.516666666666666
141,263,2024-12-04T15:28:31,10.466666666666667
132,68,2024-12-04T15:32:51,107.56666666666666
113,158,2024-12-04T16:54:41,14.1
236,229,2024-12-04T16:00:08,19.433333333333334
144,107,2024-12-04T16:40:02,49.85
75,236,2024-12-04T16:32:45,5.15
236,43,2024-12-04T16:11:19,11.65
137,164,2024-12-04T16:01:44,19.783333333333335
161,234,2024-12-04T16:03:42,5.416666666666667
163,261,2024-12-04T16:03:01,42.65
163,144,2024-12-04T16:12:03,34.68333333333333
141,142,2024-12-04T16:53:48,15.4
48,186,2024-12-04T16:28:03,21.133333333333333
237,236,2024-12-04T16:41:33,7.45
234,237,2024-12-04T16:48:10,33.95
236,237,2024-12-04T16:15:23,17.166666666666668
236,236,2024-12-04T17:02:20,3.7
142,237,2024-12-04T17:06:31,12.55
13,40,2024-12-04T17:12:36,10.633333333333333
142,143,2024-12-04T17:31:10,6.7
142,170,2024-12-04T17:33:45,44.1
161,237,2024-12-04T17:50:59,12.566666666666666
236,142,2024-12-04T17:25:43,8.416666666666666
113,144,2024-12-04T17:18:39,4.8
233,237,2024-12-04T17:32:37,27.183333333333334
229,95,2024-12-04T17:17:02,39.416666666666664
48,142,2024-12-04T17:07:59,3.783333333333333
162,107,2024-12-04T17:27:19,16.6
186,170,2024-12-04T17:41:14,27.016666666666666
113,132,2024-12-04T17:48:10,63.85
163,161,2024-12-04T17:45:29,33.96666666666667
113,90,2024-12-04T17:53:59,7.566666666666666
237,140,2024-12-04T17:41:46,8.183333333333334
132,230,2024-12-04T18:08:30,73.9
170,79,2024-12-04T18:39:24,7.3
162,107,2024-12-04T18:01:34,29.216666666666665
163,142,2024-12-04T18:07:35,16.2
237,237,2024-12-04T18:58:16,6.916666666666667
142,239,2024-12-04T18:40:53,3.7
262,141,2024-12-04T18:13:28,5.333333333333333
236,43,2024-12-04T18:56:25,6.583333333333333
164,249,2024-12-04T18:23:59,14.333333333333334
138,88,2024-12-04T18:09:07,54.81666666666667
132,188,2024-12-04T19:18:27,45.75
166,238,2024-12-04T19:29:28,9.95
231,141,2024-12-04T19:47:10,28.833333333333332
237,42,2024-12-04T19:06:17,20.3
170,236,2024-12-04T19:16:30,28.25
234,170,2024-12-04T19:25:11,7.783333333333333
263,262,2024-12-04T19:16:20,7.416666666666667
170,90,2024-12-04T19:22:33,13.716666666666667
107,144,2024-12-04T19:19:30,13.983333333333333
161,236,2024-12-04T19:19:09,14.766666666666667
161,234,2024-12-04T19:31:43,23.733333333333334
237,68,2024-12-04T19:33:26,25.15
132,163,2024-12-04T19:24:17,62.35
107,162,2024-12-04T19:45:36,15.25
239,236,2024-12-04T19:11:24,8.383333333333333
231,231,2024-12-04T20:54:31,4.533333333333333
229,102,2024-12-04T20:59:37,25.916666666666668
237,141,2024-12-04T20:14:22,4.95
239,238,2024-12-04T20:20:24,5.5
142,238,2024-12-04T20:09:19,3.466666666666667
132,216,2024-12-04T20:33:15,10.083333333333334
229,140,2024-12-04T20:55:01,8.0
161,164,2024-12-04T20:46:50,11.416666666666666
138,260,2024-12-04T20:45:29,8.5
236,238,2024-12-04T20:43:55,3.05
164,181,2024-12-04T21:39:17,43.96666666666667
246,230,2024-12-04T21:12:14,10.733333333333333
234,140,2024-12-04T21:19:29,15.45
142,113,2024-12-04T21:01:09,27.833333333333332
142,237,2024-12-04T21:26:50,7.583333333333333
113,231,2024-12-04T21:26:11,9.3
114,4,2024-12-04T21:01:06,8.433333333333334
161,237,2024-12-04T21:01:47,11.316666666666666
107,140,2024-12-04T21:47:45,17.6
230,100,2024-12-04T21:36:36,7.25
107,229,2024-12-04T22:27:01,11.0
209,262,2024-12-04T22:00:44,17.45
161,237,2024-12-04T22:42:32,12.483333333333333
239,238,2024-12-04T22:15:56,3.65
186,143,2024-12-04T22:29:37,16.3
144,114,2024-12-04T22:42:14,2.716666666666667
237,161,2024-12-04T22:16:15,20.166666666666668
163,151,2024-12-04T22:50:55,13.583333333333334
230,255,2024-12-04T22:22:52,29.316666666666666
90,66,2024-12-04T22:27:47,18.666666666666668
161,66,2024-12-04T22:46:00,24.566666666666666
68,142,2024-12-04T22:23:04,15.583333333333334
186,74,2024-12-04T22:51:53,28.633333333333333
163,29,2024-12-04T22:28:31,95.15
186,137,2024-12-04T22:04:37,10.166666666666666
48,68,2024-12-04T23:06:00,11.983333333333333
142,229,2024-12-04T23:13:26,6.883333333333334
114,144,2024-12-04T23:24:13,5.383333333333334
186,263,2024-12-04T23:00:10,26.2
230,14,2024-12-04T23:11:52,53.916666666666664
161,234,2024-12-04T23:18:53,8.816666666666666
132,234,2024-12-04T23:53:25,32.083333333333336
100,100,2024-12-04T23:34:21,7.65
132,50,2024-12-05T00:46:42,39.016666666666666
231,80,2024-12-05T00:51:41,18.266666666666666
249,249,2024-12-05T01:08:50,2.2
100,239,2024-12-05T05:11:11,6.75
229,138,2024-12-05T05:49:56,20.616666666666667
140,100,2024-12-05T05:13:33,10.116666666666667
100,43,2024-12-05T06:21:02,16.083333333333332
246,50,2024-12-05T06:18:53,3.433333333333333
162,140,2024-12-05T06:32:26,21.283333333333335
238,140,2024-12-05T07:30:36,23.5
116,42,2024-12-05T07:18:37,9.266666666666667
170,137,2024-12-05T07:16:54,3.7666666666666666
141,162,2024-12-05T07:20:45,7.183333333333334
238,24,2024-12-05T08:40:02,4.283333333333333
138,239,2024-12-05T08:35:46,50.95
263,163,2024-12-05T08:40:25,16.883333333333333
186,170,2024-12-05T08:45:40,10.066666666666666
237,141,2024-12-05T08:30:19,4.45
161,100,2024-12-05T08:28:48,10.216666666666667
249,230,2024-12-05T08:38:33,17.516666666666666
79,107,2024-12-05T08:57:24,1.6333333333333333
164,170,2024-12-05T08:47:01,6.633333333333334
151,75,2024-12-05T09:39:51,16.966666666666665
162,263,2024-12-05T09:05:13,27.566666666666666
230,231,2024-12-05T09:32:23,28.266666666666666
236,100,2024-12-05T09:41:26,26.633333333333333
140,234,2024-12-05T09:40:54,27.45
229,233,2024-12-05T09:53:12,16.1
141,229,2024-12-05T10:19:15,14.2
262,170,2024-12-05T10:13:05,20.083333333333332
68,79,2024-12-05T10:16:51,25.416666666666668
107,233,2024-12-05T10:33:57,4.366666666666666
262,170,2024-12-05T10:09:01,17.083333333333332
142,68,2024-12-05T10:22:07,17.316666666666666
79,234,2024-12-05T10:32:23,12.866666666666667
236,161,2024-12-05T10:08:37,15.933333333333334
113,186,2024-12-05T10:41:02,22.683333333333334
262,107,2024-12-05T10:19:05,15.95
142,230,2024-12-05T10:36:24,11.1
162,107,2024-12-05T10:43:42,16.866666666666667
239,229,2024-12-05T10:33:37,26.9
68,161,2024-12-05T10:05:08,62.18333333333333
238,229,2024-12-05T10:35:22,29.666666666666668
138,230,2024-12-05T10:26:44,69.9
68,211,2024-12-05T10:58:17,20.066666666666666
162,236,2024-12-05T11:20:29,9.816666666666666
143,163,2024-12-05T11:41:13,7.25
236,237,2024-12-05T11:41:22,9.816666666666666
234,161,2024-12-05T11:45:17,14.866666666666667
132,133,2024-12-05T11:59:51,45.666666666666664
234,161,2024-12-05T11:25:26,26.016666666666666
229,140,2024-12-05T11:09:55,11.283333333333333
164,236,2024-12-05T12:39:02,22.0
229,229,2024-12-05T12:29:54,10.25
142,161,2024-12-05T12:25:20,23.733333333333334
230,164,2024-12-05T12:51:17,29.866666666666667
138,164,2024-12-05T12:51:34,39.96666666666667
48,239,2024-12-05T12:53:45,11.566666666666666
161,138,2024-12-05T12:03:30,38.7
186,186,2024-12-05T12:44:34,20.366666666666667
162,24,2024-12-05T12:18:29,28.466666666666665
33,52,2024-12-05T12:35:10,8.883333333333333
263,236,2024-12-05T12:11:53,4.733333333333333
138,230,2024-12-05T12:37:13,78.21666666666667
24,238,2024-12-05T13:01:50,7.883333333333334
70,238,2024-12-05T12:42:05,39.88333333333333
162,236,2024-12-05T13:29:45,28.583333333333332
246,142,2024-12-05T13:03:31,18.633333333333333
236,75,2024-12-05T12:51:40,7.283333333333333
143,107,2024-12-05T13:43:34,28.0
263,236,2024-12-05T13:16:03,6.9
79,90,2024-12-05T13:54:20,22.3
231,186,2024-12-05T13:21:02,21.683333333333334
230,261,2024-12-05T13:46:36,31.866666666666667
237,237,2024-12-05T13:26:01,3.7333333333333334
132,170,2024-12-05T13:20:07,61.96666666666667
68,45,2024-12-05T14:03:57,30.516666666666666
231,164,2024-12-05T14:50:46,30.35
87,90,2024-12-05T14:51:23,24.95
238,151,2024-12-05T14:50:08,1.5333333333333334
237,142,2024-12-05T14:42:52,10.983333333333333
141,229,2024-12-05T14:35:10,24.083333333333332
237,236,2024-12-05T14:49:01,5.166666666666667
211,125,2024-12-05T14:31:15,13.75
239,143,2024-12-05T14:59:30,11.316666666666666
262,239,2024-12-05T15:14:11,18.666666666666668
132,170,2024-12-05T15:22:38,89.26666666666667
113,13,2024-12-05T15:28:32,20.333333333333332
138,129,2024-12-05T15:49:55,11.916666666666666
140,262,2024-12-05T15:47:23,9.333333333333334
158,229,2024-12-05T15:18:02,57.45
144,79,2024-12-05T15:19:20,6.816666666666666
162,259,2024-12-05T15:47:09,61.266666666666666
162,43,2024-12-05T15:42:20,23.066666666666666
163,113,2024-12-05T15:04:44,31.766666666666666
230,238,2024-12-05T16:41:36,18.416666666666668
142,230,2024-12-05T16:08:54,19.9
231,246,2024-12-05T16:36:40,16.8
140,229,2024-12-05T16:59:32,10.783333333333333
239,211,2024-12-05T16:45:07,49.583333333333336
234,142,2024-12-05T16:58:27,34.166666666666664
138,163,2024-12-05T16:00:53,57.2
68,138,2024-12-05T16:35:32,53.95
236,262,2024-12-05T16:15:27,4.966666666666667
234,68,2024-12-05T16:49:26,5.15
140,137,2024-12-05T16:10:23,15.533333333333333
188,143,2024-12-05T16:38:22,113.5
230,231,2024-12-05T16:47:36,34.266666666666666
231,148,2024-12-05T16:35:48,12.9
163,68,2024-12-05T16:49:10,29.533333333333335
158,163,2024-12-05T16:09:02,27.533333333333335
48,236,2024-12-05T16:32:55,26.616666666666667
236,236,2024-12-05T17:34:32,6.5
107,107,2024-12-05T17:12:45,3.9
237,162,2024-12-05T17:27:14,17.666666666666668
230,164,2024-12-05T17:09:26,18.233333333333334
234,186,2024-12-05T17:18:05,6.983333333333333
186,114,2024-12-05T17:47:00,15.2
132,142,2024-12-05T17:20:05,81.98333333333333
263,229,2024-12-05T17:33:31,16.55
230,161,2024-12-05T17:01:17,40.05
100,158,2024-12-05T17:50:30,13.8
68,48,2024-12-05T18:07:23,32.8
238,236,2024-12-05T18:32:51,10.116666666666667
186,246,2024-12-05T18:36:56,24.366666666666667
143,263,2024-12-05T18:26:06,13.466666666666667
249,239,2024-12-05T18:51:36,51.28333333333333
107,168,2024-12-05T18:04:54,30.2
143,143,2024-12-05T18:01:16,3.9166666666666665
237,68,2024-12-05T18:42:08,36.35
43,161,2024-12-05T18:27:27,28.2
144,148,2024-12-05T18:23:29,4.1
237,237,2024-12-05T19:16:41,5.083333333333333
166,41,2024-12-05T19:36:00,2.55
48,238,2024-12-05T19:26:57,9.766666666666667
237,138,2024-12-05T19:22:25,22.183333333333334
137,113,2024-12-05T19:27:15,14.433333333333334
230,246,2024-12-05T19:08:35,10.133333333333333
138,170,2024-12-05T19:31:09,24.283333333333335
138,7,2024-12-05T19:00:08,15.166666666666666
234,233,2024-12-05T19:06:47,24.033333333333335
70,141,2024-12-05T19:06:08,26.183333333333334
65,97,2024-12-05T19:39:39,19.333333333333332
164,107,2024-12-05T20:49:33,6.666666666666667
230,143,2024-12-05T20:46:25,16.133333333333333
233,162,2024-12-05T20:55:59,1.9333333333333333
233,141,2024-12-05T20:47:18,8.266666666666667
151,48,2024-12-05T20:22:00,18.933333333333334
229,262,2024-12-05T20:48:14,12.2
161,48,2024-12-05T20:36:59,14.5
163,236,2024-12-05T20:25:52,19.283333333333335
132,163,2024-12-05T20:31:31,56.28333333333333
234,17,2024-12-05T20:57:34,40.31666666666667
48,142,2024-12-05T20:52:56,10.866666666666667
50,170,2024-12-05T20:21:52,25.55
142,237,2024-12-05T20:24:42,12.95
230,238,2024-12-05T20:46:45,14.733333333333333
163,237,2024-12-05T20:15:35,14.916666666666666
68,114,2024-12-05T20:54:42,12.0
238,238,2024-12-05T21:26:03,5.316666666666666
236,238,2024-12-05T21:08:58,8.716666666666667
148,148,2024-12-05T21:58:39,4.95
224,137,2024-12-05T21:38:12,3.65
140,162,2024-12-05T21:29:40,18.266666666666666
138,239,2024-12-05T21:48:49,27.95
161,246,2024-12-05T21:00:04,22.333333333333332
161,234,2024-12-05T21:04:41,10.533333333333333
79,90,2024-12-05T21:23:02,9.65
249,234,2024-12-05T21:50:17,6.516666666666667
170,90,2024-12-05T21:09:30,9.866666666666667
158,261,2024-12-05T21:10:35,18.816666666666666
142,238,2024-12-05T21:04:18,8.833333333333334
237,140,2024-12-05T21:35:36,5.033333333333333
163,143,2024-12-05T21:27:28,9.816666666666666
166,244,2024-12-05T22:35:02,6.95
100,237,2024-12-05T22:21:07,21.833333333333332
48,142,2024-12-05T22:29:31,4.316666666666666
158,211,2024-12-05T22:12:29,9.766666666666667
236,75,2024-12-05T22:09:37,7.966666666666667
230,143,2024-12-05T22:39:46,14.75
107,144,2024-12-05T22:29:30,10.933333333333334
68,158,2024-12-05T22:50:10,3.8333333333333335
237,236,2024-12-05T22:31:55,4.383333333333334
107,229,2024-12-05T22:26:55,11.85
79,229,2024-12-05T22:40:37,14.616666666666667
249,246,2024-12-05T22:09:07,10.516666666666667
229,137,2024-12-05T22:30:03,17.883333333333333
113,261,2024-12-05T22:15:19,20.05
162,223,2024-12-05T22:52:27,38.4
43,259,2024-12-05T22:30:47,31.85
132,230,2024-12-05T22:44:28,47.55
229,181,2024-12-05T22:53:40,34.233333333333334
141,68,2024-12-05T22:02:37,34.68333333333333
239,238,2024-12-05T22:15:12,4.966666666666667
162,230,2024-12-05T22:26:08,10.383333333333333
79,88,2024-12-05T23:39:40,13.616666666666667
141,100,2024-12-05T23:58:02,13.466666666666667
144,186,2024-12-05T23:03:10,11.716666666666667
68,234,2024-12-05T23:36:09,10.333333333333334
238,116,2024-12-05T23:10:58,10.4
148,231,2024-12-05T23:42:35,6.966666666666667
162,239,2024-12-05T23:35:07,23.3
249,75,2024-12-05T23:31:43,29.033333333333335
230,90,2024-12-05T23:31:48,10.216666666666667
148,246,2024-12-05T23:47:01,25.233333333333334
161,113,2024-12-05T23:15:11,8.483333333333333
162,231,2024-12-06T00:01:32,20.066666666666666
158,79,2024-12-06T02:13:18,7.6
164,143,2024-12-06T03:39:54,10.783333333333333
148,234,2024-12-06T04:08:16,7.4
222,80,2024-12-06T05:27:24,48.06666666666667
132,151,2024-12-06T05:00:37,32.88333333333333
249,140,2024-12-06T06:52:53,21.566666666666666
151,43,2024-12-06T06:17:10,7.333333333333333
100,163,2024-12-06T06:26:04,3.4
132,218,2024-12-06T06:15:41,9.1
143,127,2024-12-06T07:44:21,17.55
233,68,2024-12-06T07:04:37,8.466666666666667
247,107,2024-12-06T07:40:18,101.81666666666666
188,88,2024-12-06T07:23:18,36.63333333333333
237,161,2024-12-06T08:16:55,9.866666666666667
237,4,2024-12-06T08:59:16,13.616666666666667
239,161,2024-12-06T08:22:58,13.416666666666666
48,143,2024-12-06T08:14:26,7.4
237,186,2024-12-06T08:43:21,17.6
162,234,2024-12-06T08:07:14,8.066666666666666
50,162,2024-12-06T08:18:57,17.616666666666667
162,141,2024-12-06T08:30:17,17.833333333333332
79,107,2024-12-06T08:18:58,6.266666666666667
143,170,2024-12-06T09:24:10,26.583333333333332
237,163,2024-12-06T09:24:17,8.65
239,164,2024-12-06T09:26:25,17.383333333333333
74,117,2024-12-06T09:57:46,69.15
50,191,2024-12-06T09:50:06,32.36666666666667
170,186,2024-12-06T09:17:44,11.966666666666667
107,164,2024-12-06T10:03:18,11.033333333333333
43,237,2024-12-06T10:21:01,10.6
236,237,2024-12-06T10:48:59,8.083333333333334
166,24,2024-12-06T10:04:01,4.516666666666667
236,262,2024-12-06T10:43:53,7.683333333333334
233,230,2024-12-06T10:21:50,18.25
43,186,2024-12-06T10:40:43,15.25
239,90,2024-12-06T10:05:54,32.766666666666666
48,229,2024-12-06T10:08:53,15.35
234,90,2024-12-06T10:45:55,3.75
107,186,2024-12-06T10:39:35,15.833333333333334
262,162,2024-12-06T10:42:08,17.683333333333334
236,161,2024-12-06T10:53:57,25.1
236,237,2024-12-06T10:35:35,8.966666666666667
238,238,2024-12-06T11:39:23,3.3833333333333333
48,48,2024-12-06T11:03:12,11.2
237,233,2024-12-06T11:28:09,18.483333333333334
141,141,2024-12-06T11:08:25,7.716666666666667
68,170,2024-12-06T11:16:44,19.25
137,37,2024-12-06T11:50:03,33.1
132,48,2024-12-06T11:43:08,102.53333333333333
170,249,2024-12-06T12:43:58,14.15
262,43,2024-12-06T12:09:34,18.6
164,161,2024-12-06T12:50:22,25.9
142,237,2024-12-06T12:03:10,14.466666666666667
132,218,2024-12-06T12:24:43,6.6
230,234,2024-12-06T12:51:51,19.75
141,229,2024-12-06T13:42:10,11.0
158,114,2024-12-06T13:15:17,9.116666666666667
68,234,2024-12-06T13:10:15,13.633333333333333
239,230,2024-12-06T13:47:41,12.8
90,132,2024-12-06T13:16:56,75.38333333333334
263,262,2024-12-06T13:34:20,4.633333333333334
161,161,2024-12-06T13:30:11,10.95
161,132,2024-12-06T13:13:47,94.46666666666667
107,170,2024-12-06T13:04:48,16.9
143,24,2024-12-06T14:47:53,11.95
107,262,2024-12-06T14:53:39,48.53333333333333
79,262,2024-12-06T14:43:00,40.05
234,43,2024-12-06T14:20:24,38.983333333333334
148,230,2024-12-06T14:20:00,44.63333333333333
162,186,2024-12-06T14:53:03,28.316666666666666
236,237,2024-12-06T14:32:07,12.75
249,249,2024-12-06T14:32:34,2.85
132,142,2024-12-06T15:12:00,80.8
237,43,2024-12-06T15:20:04,11.533333333333333
140,263,2024-12-06T15:42:16,4.333333333333333
239,238,2024-12-06T15:29:57,6.633333333333334
249,90,2024-12-06T15:47:08,2.4
113,68,2024-12-06T15:41:10,9.65
237,239,2024-12-06T15:49:37,25.65
68,170,2024-12-06T15:40:36,22.516666666666666
164,263,2024-12-06T15:10:55,38.8
107,236,2024-12-06T15:19:08,33.016666666666666
231,163,2024-12-06T15:02:00,51.5
141,229,2024-12-06T15:36:17,9.45
229,162,2024-12-06T15:40:29,25.233333333333334
141,263,2024-12-06T16:56:54,4.433333333333334
138,132,2024-12-06T16:08:41,51.93333333333333
43,113,2024-12-06T16:49:00,35.71666666666667
90,170,2024-12-06T16:22:33,19.416666666666668
239,236,2024-12-06T16:10:36,8.166666666666666
236,141,2024-12-06T16:04:15,7.333333333333333
43,263,2024-12-06T16:22:15,9.733333333333333
237,107,2024-12-06T16:19:54,16.733333333333334
48,239,2024-12-06T16:22:51,19.083333333333332
170,234,2024-12-06T16:54:51,12.05
263,263,2024-12-06T16:35:04,5.216666666666667
244,116,2024-12-06T16:42:29,7.6
236,262,2024-12-06T16:48:41,7.266666666666667
186,230,2024-12-06T16:54:27,15.283333333333333
164,236,2024-12-06T16:06:23,32.983333333333334
43,161,2024-12-06T16:40:30,32.71666666666667
239,142,2024-12-06T16:07:10,7.383333333333334
132,170,2024-12-06T17:39:47,83.38333333333334
163,162,2024-12-06T17:54:13,13.55
43,239,2024-12-06T17:57:39,8.883333333333333
163,237,2024-12-06T17:59:39,9.35
140,142,2024-12-06T17:07:47,18.966666666666665
237,262,2024-12-06T17:19:30,8.566666666666666
141,263,2024-12-06T17:38:08,4.6
162,170,2024-12-06T17:08:22,14.65
186,249,2024-12-06T17:17:51,4.4
138,255,2024-12-06T17:05:35,33.233333333333334
229,237,2024-12-06T17:06:36,7.733333333333333
237,164,2024-12-06T18:14:06,15.933333333333334
87,107,2024-12-06T18:21:31,17.166666666666668
229,141,2024-12-06T18:31:23,6.333333333333333
162,232,2024-12-06T18:30:41,22.883333333333333
238,262,2024-12-06T18:51:39,9.133333333333333
211,79,2024-12-06T18:41:33,11.283333333333333
48,48,2024-12-06T18:11:57,10.283333333333333
158,107,2024-12-06T18:18:36,18.6
170,234,2024-12-06T18:42:23,6.4
163,143,2024-12-06T18:44:00,10.516666666666667
229,161,2024-12-06T18:17:36,9.716666666666667
137,186,2024-12-06T18:24:17,14.783333333333333
138,170,2024-12-06T18:57:55,32.43333333333333
89,188,2024-12-06T18:49:09,8.75
132,13,2024-12-06T18:32:19,60.31666666666667
236,162,2024-12-06T18:45:36,29.066666666666666
161,68,2024-12-06T18:18:30,16.233333333333334
161,114,2024-12-06T19:06:43,21.316666666666666
114,79,2024-12-06T19:57:15,9.533333333333333
233,140,2024-12-06T19:00:51,11.316666666666666
142,233,2024-12-06T19:59:41,25.55
236,236,2024-12-06T19:51:07,5.65
79,231,2024-12-06T19:44:26,14.216666666666667
113,107,2024-12-06T19:01:24,8.983333333333333
236,216,2024-12-06T19:45:49,48.2
237,163,2024-12-06T20:33:18,19.016666666666666
234,170,2024-12-06T20:03:23,9.133333333333333
88,209,2024-12-06T20:47:28,9.566666666666666
142,68,2024-12-06T20:10:35,8.9
24,238,2024-12-06T20:06:46,6.916666666666667
234,48,2024-12-06T20:56:44,21.5
234,231,2024-12-06T20:06:31,16.066666666666666
79,107,2024-12-06T20:31:57,10.55
263,142,2024-12-06T20:05:22,14.15
158,234,2024-12-06T20:02:10,15.9
230,48,2024-12-06T20:52:44,13.433333333333334
79,236,2024-12-06T21:02:12,23.45
142,263,2024-12-06T21:12:50,12.566666666666666
237,141,2024-12-06T21:43:18,9.133333333333333
249,114,2024-12-06T21:45:19,12.4
263,75,2024-12-06T21:51:55,3.5166666666666666
229,141,2024-12-06T21:55:35,10.166666666666666
142,33,2024-12-06T21:23:24,40.36666666666667
161,48,2024-12-06T21:51:25,22.183333333333334
68,48,2024-12-06T21:24:55,7.3
113,114,2024-12-06T21:40:55,9.366666666666667
162,186,2024-12-06T21:21:46,21.666666666666668
162,141,2024-12-06T21:38:15,10.433333333333334
107,170,2024-12-06T21:26:59,7.016666666666667
234,249,2024-12-06T21:44:57,11.733333333333333
249,40,2024-12-06T21:49:18,21.783333333333335
229,137,2024-12-06T21:14:37,6.366666666666666
230,231,2024-12-06T21:18:20,28.283333333333335
138,107,2024-12-06T21:05:47,18.5
239,237,2024-12-06T22:53:30,9.7
142,141,2024-12-06T22:05:56,13.116666666666667
238,142,2024-12-06T22:06:59,7.35
114,166,2024-12-06T22:06:37,33.71666666666667
163,239,2024-12-06T22:04:10,8.85
186,68,2024-12-06T22:44:46,9.466666666666667
249,170,2024-12-06T22:41:33,20.883333333333333
113,100,2024-12-06T22:25:33,20.316666666666666
148,137,2024-12-06T22:07:54,15.166666666666666
107,239,2024-12-06T23:20:40,29.583333333333332
161,100,2024-12-06T23:59:20,5.333333333333333
246,107,2024-12-06T23:04:17,16.583333333333332
79,237,2024-12-06T23:31:28,17.95
249,4,2024-12-06T23:38:22,17.133333333333333
75,170,2024-12-06T23:35:56,13.733333333333333
170,231,2024-12-06T23:38:53,26.383333333333333
125,211,2024-12-06T23:22:35,4.083333333333333
249,90,2024-12-06T23:16:10,5.283333333333333
137,236,2024-12-06T23:32:21,16.2
114,231,2024-12-06T23:18:06,6.383333333333334
48,48,2024-12-07T00:05:38,3.1166666666666667
164,79,2024-12-07T00:07:02,10.9
114,239,2024-12-07T00:19:07,35.666666666666664
231,261,2024-12-07T00:09:21,5.9
50,231,2024-12-07T00:52:46,25.233333333333334
107,68,2024-12-07T00:19:47,12.45
43,143,2024-12-07T00:25:02,10.183333333333334
237,173,2024-12-07T00:49:27,41.0
79,87,2024-12-07T00:55:27,11.933333333333334
231,114,2024-12-07T00:48:38,4.266666666666667
114,148,2024-12-07T01:00:57,6.183333333333334
255,179,2024-12-07T01:05:23,19.033333333333335
211,16,2024-12-07T01:35:27,32.666666666666664
79,158,2024-12-07T01:48:16,13.433333333333334
239,48,2024-12-07T01:31:03,7.483333333333333
107,164,2024-12-07T01:07:59,10.45
249,231,2024-12-07T01:22:48,8.25
163,249,2024-12-07T01:26:39,11.583333333333334
79,249,2024-12-07T02:06:55,10.4
164,7,2024-12-07T02:20:52,18.05
79,137,2024-12-07T02:21:16,9.8
158,68,2024-12-07T02:04:15,3.2666666666666666
144,79,2024-12-07T02:57:10,4.966666666666667
246,100,2024-12-07T02:49:33,6.1
48,143,2024-12-07T02:06:21,7.616666666666666
255,79,2024-12-07T02:03:59,15.533333333333333
79,90,2024-12-07T03:55:12,10.25
144,211,2024-12-07T03:25:05,6.95
162,132,2024-12-07T05:03:34,33.5
224,226,2024-12-07T06:13:33,15.1
140,141,2024-12-07T07:51:08,3.466666666666667
263,68,2024-12-07T07:58:34,14.966666666666667
90,142,2024-12-07T07:40:17,8.5
143,241,2024-12-07T07:27:05,17.716666666666665
263,194,2024-12-07T07:43:41,6.566666666666666
164,166,2024-12-07T08:42:10,20.566666666666666
230,246,2024-12-07T08:30:22,9.266666666666667
237,162,2024-12-07T08:55:21,5.133333333333334
230,68,2024-12-07T09:22:55,7.116666666666666
231,158,2024-12-07T09:50:52,5.533333333333333
162,43,2024-12-07T09:41:28,14.7
234,43,2024-12-07T09:24:35,22.683333333333334
132,230,2024-12-07T09:51:12,43.5
236,239,2024-12-07T09:31:38,4.266666666666667
68,43,2024-12-07T09:47:06,20.0
48,143,2024-12-07T10:28:18,4.083333333333333
261,142,2024-12-07T10:30:47,23.533333333333335
151,142,2024-12-07T10:41:52,11.883333333333333
151,142,2024-12-07T10:18:39,13.933333333333334
142,163,2024-12-07T10:07:56,7.166666666666667
41,74,2024-12-07T11:09:17,5.466666666666667
230,43,2024-12-07T09:58:39,13.316666666666666
231,232,2024-12-07T10:05:11,6.5
238,166,2024-12-07T10:19:01,6.7
236,164,2024-12-07T10:01:04,18.416666666666668
211,249,2024-12-07T11:24:21,4.4
161,48,2024-12-07T11:57:21,7.783333333333333
186,170,2024-12-07T11:39:34,11.1
262,234,2024-12-07T11:43:41,23.6
236,237,2024-12-07T11:51:15,9.433333333333334
107,249,2024-12-07T11:24:19,12.016666666666667
170,163,2024-12-07T12:39:50,12.533333333333333
142,163,2024-12-07T12:15:19,11.783333333333333
113,230,2024-12-07T12:41:58,21.666666666666668
237,161,2024-12-07T12:02:20,15.8
90,230,2024-12-07T12:09:34,23.7
237,237,2024-12-07T12:48:17,7.583333333333333
234,161,2024-12-07T12:45:50,29.766666666666666
238,143,2024-12-07T12:36:24,20.166666666666668
142,239,2024-12-07T13:58:41,2.25
162,239,2024-12-07T13:56:26,23.85
90,229,2024-12-07T13:37:40,29.216666666666665
90,186,2024-12-07T13:47:42,4.95
236,141,2024-12-07T13:14:56,5.35
237,142,2024-12-07T13:37:51,7.55
161,140,2024-12-07T12:50:21,7.866666666666666
90,1,2024-12-07T13:54:23,29.6
69,39,2024-12-07T14:26:56,61.7
164,132,2024-12-07T14:14:09,40.93333333333333
237,161,2024-12-07T14:17:48,15.716666666666667
246,142,2024-12-07T14:05:14,18.316666666666666
236,162,2024-12-07T14:29:08,12.266666666666667
68,239,2024-12-07T14:51:58,24.233333333333334
164,230,2024-12-07T14:59:18,33.36666666666667
70,100,2024-12-07T14:11:43,38.38333333333333
97,234,2024-12-07T14:54:40,40.516666666666666
162,161,2024-12-07T15:34:28,19.933333333333334
158,246,2024-12-07T15:51:27,8.683333333333334
261,234,2024-12-07T15:18:33,21.733333333333334
229,163,2024-12-07T15:48:47,19.266666666666666
239,161,2024-12-07T15:04:23,38.31666666666667
138,68,2024-12-07T15:40:48,55.21666666666667
161,234,2024-12-07T15:11:07,15.816666666666666
237,236,2024-12-07T15:23:47,4.15
170,263,2024-12-07T16:24:17,22.383333333333333
13,186,2024-12-07T16:31:06,17.316666666666666
237,141,2024-12-07T16:08:14,5.283333333333333
237,90,2024-12-07T16:49:17,36.9
164,113,2024-12-07T16:06:57,7.966666666666667
141,229,2024-12-07T16:46:48,10.566666666666666
138,182,2024-12-07T16:28:00,23.7
107,161,2024-12-07T16:59:42,28.7
230,164,2024-12-07T16:50:33,18.7
238,152,2024-12-07T17:20:54,3.0166666666666666
140,145,2024-12-07T17:49:00,22.533333333333335
237,262,2024-12-07T17:35:52,4.1
211,233,2024-12-07T17:22:55,29.816666666666666
68,230,2024-12-07T17:45:51,36.516666666666666
138,130,2024-12-07T17:22:57,25.633333333333333
249,48,2024-12-07T17:02:15,48.53333333333333
186,114,2024-12-08T17:30:23,17.533333333333335
231,236,2024-12-07T17:36:53,48.43333333333333
88,148,2024-12-07T17:58:31,12.9
239,239,2024-12-07T17:23:38,7.15
230,233,2024-12-07T17:59:19,29.583333333333332
237,237,2024-12-07T18:59:06,6.666666666666667
13,262,2024-12-07T18:30:02,35.81666666666667
114,231,2024-12-07T18:26:30,9.283333333333333
143,238,2024-12-07T18:29:14,7.866666666666666
140,186,2024-12-07T18:11:46,30.066666666666666
238,239,2024-12-07T18:43:46,6.633333333333334
90,209,2024-12-07T19:43:50,15.933333333333334
140,237,2024-12-07T19:25:57,6.133333333333334
237,90,2024-12-07T19:10:42,41.88333333333333
141,141,2024-12-07T19:38:56,3.3333333333333335
132,48,2024-12-07T19:56:32,67.86666666666666
4,148,2024-12-07T19:29:24,6.3
162,162,2024-12-07T19:36:48,8.366666666666667
236,140,2024-12-07T19:55:15,7.866666666666666
161,246,2024-12-07T19:45:05,27.9
97,79,2024-12-07T19:24:29,19.783333333333335
233,170,2024-12-07T20:34:37,8.133333333333333
48,141,2024-12-07T20:43:31,16.55
234,144,2024-12-07T20:06:13,13.583333333333334
229,262,2024-12-07T20:26:45,8.266666666666667
249,158,2024-12-07T20:13:54,8.366666666666667
186,170,2024-12-07T20:47:27,12.283333333333333
114,107,2024-12-07T20:44:21,10.516666666666667
238,166,2024-12-07T21:52:43,7.65
239,211,2024-12-07T21:00:07,25.883333333333333
233,146,2024-12-07T21:46:28,17.533333333333335
237,243,2024-12-07T21:20:25,29.516666666666666
239,48,2024-12-07T21:04:42,9.666666666666666
239,24,2024-12-07T21:36:28,10.933333333333334
236,143,2024-12-07T21:29:35,12.466666666666667
229,263,2024-12-07T21:44:55,8.1
107,249,2024-12-07T21:20:30,13.066666666666666
70,151,2024-12-07T21:19:52,26.9
79,234,2024-12-07T21:03:38,15.466666666666667
234,249,2024-12-07T22:32:12,20.2
13,66,2024-12-07T22:13:41,14.583333333333334
164,100,2024-12-07T22:04:20,8.766666666666667
68,234,2024-12-07T22:18:00,8.516666666666667
161,237,2024-12-07T22:21:58,14.816666666666666
236,43,2024-12-07T22:37:48,15.716666666666667
234,239,2024-12-07T22:52:55,40.36666666666667
68,137,2024-12-07T22:34:23,21.15
233,249,2024-12-07T22:54:06,29.333333333333332
48,13,2024-12-07T22:50:56,29.566666666666666
161,237,2024-12-07T22:47:17,21.183333333333334
114,161,2024-12-07T23:19:15,31.25
68,263,2024-12-07T23:03:10,39.2
90,114,2024-12-07T23:45:13,11.083333333333334
79,140,2024-12-07T23:11:28,24.25
163,161,2024-12-07T23:03:56,24.583333333333332
107,107,2024-12-08T00:10:27,3.933333333333333
48,164,2024-12-08T00:33:49,22.633333333333333
163,163,2024-12-08T00:43:15,3.183333333333333
100,230,2024-12-08T00:35:39,11.4
186,233,2024-12-08T00:12:16,9.283333333333333
113,113,2024-12-08T00:23:14,8.416666666666666
170,79,2024-12-08T01:39:36,6.95
249,249,2024-12-08T01:06:55,7.566666666666666
236,229,2024-12-08T01:07:33,6.666666666666667
79,114,2024-12-08T01:11:04,6.1
237,75,2024-12-08T01:01:23,3.6666666666666665
68,68,2024-12-08T01:56:28,2.1666666666666665
79,249,2024-12-08T01:49:06,8.333333333333334
148,170,2024-12-08T01:21:39,10.1
249,48,2024-12-08T02:17:26,13.283333333333333
209,141,2024-12-08T02:27:06,12.666666666666666
249,48,2024-12-08T02:56:45,13.333333333333334
48,164,2024-12-08T03:50:27,7.033333333333333
164,48,2024-12-08T03:29:58,7.233333333333333
246,142,2024-12-08T03:49:55,6.516666666666667
88,230,2024-12-08T03:11:59,19.9
114,52,2024-12-08T03:04:34,17.5
148,143,2024-12-08T03:13:25,21.683333333333334
79,223,2024-12-08T04:24:48,26.95
148,230,2024-12-08T04:27:55,13.2
170,164,2024-12-08T06:28:10,13.45
107,233,2024-12-08T07:39:31,3.4833333333333334
238,234,2024-12-08T07:06:43,14.2
132,231,2024-12-08T07:20:22,35.36666666666667
262,237,2024-12-08T08:40:31,9.5
239,263,2024-12-08T08:41:45,10.766666666666667
132,233,2024-12-08T08:26:20,24.05
230,186,2024-12-08T08:55:45,4.15
107,164,2024-12-08T09:04:35,7.116666666666666
186,138,2024-12-08T09:06:32,37.4
230,1,2024-12-08T09:48:49,27.666666666666668
161,1,2024-12-08T10:18:18,30.166666666666668
143,238,2024-12-08T10:38:06,10.016666666666667
262,43,2024-12-08T10:34:11,5.3
141,114,2024-12-08T10:53:24,16.983333333333334
246,163,2024-12-08T10:53:14,15.116666666666667
114,148,2024-12-08T10:49:55,13.316666666666666
237,68,2024-12-08T10:05:40,17.1
161,186,2024-12-08T11:07:41,11.516666666666667
137,170,2024-12-08T11:12:01,4.566666666666666
161,68,2024-12-08T11:35:47,9.716666666666667
163,100,2024-12-08T11:35:56,17.1
263,237,2024-12-08T11:19:57,10.666666666666666
146,263,2024-12-08T11:11:48,16.483333333333334
236,239,2024-12-08T11:03:13,10.566666666666666
162,75,2024-12-08T11:54:37,8.283333333333333
186,232,2024-12-08T11:25:58,22.816666666666666
24,238,2024-12-08T11:57:53,6.75
186,230,2024-12-08T11:12:00,15.216666666666667
138,161,2024-12-08T11:17:48,58.4
140,140,2024-12-08T12:12:40,3.2666666666666666
237,237,2024-12-08T12:36:11,3.8833333333333333
24,234,2024-12-08T12:54:53,27.583333333333332
113,261,2024-12-08T12:40:45,12.333333333333334
48,68,2024-12-08T12:55:06,10.983333333333333
100,164,2024-12-08T12:59:55,8.333333333333334
35,188,2024-12-08T12:13:24,30.85
142,239,2024-12-08T13:09:23,9.4
107,170,2024-12-08T13:54:52,9.25
234,88,2024-12-08T13:31:38,14.866666666666667
230,163,2024-12-08T13:40:52,12.883333333333333
137,161,2024-12-08T13:12:54,13.35
48,132,2024-12-08T13:31:19,61.016666666666666
239,143,2024-12-08T13:50:30,7.25
161,143,2024-12-08T13:32:10,7.9
170,239,2024-12-08T13:27:25,27.383333333333333
138,230,2024-12-08T14:08:54,69.9
138,170,2024-12-08T14:46:09,38.0
262,142,2024-12-08T14:59:33,25.25
230,186,2024-12-08T14:10:59,13.15
68,186,2024-12-08T14:36:57,4.133333333333334
125,249,2024-12-08T14:20:18,8.4
161,236,2024-12-08T14:39:24,15.766666666666667
163,137,2024-12-08T14:49:27,20.566666666666666
141,43,2024-12-08T14:52:05,9.016666666666667
132,170,2024-12-08T14:15:34,46.733333333333334
138,141,2024-12-08T14:51:32,36.233333333333334
230,263,2024-12-08T14:58:48,22.866666666666667
48,68,2024-12-08T14:11:04,20.35
237,43,2024-12-08T14:02:39,10.45
132,62,2024-12-08T14:46:32,47.4
142,238,2024-12-08T15:35:54,8.0
114,231,2024-12-08T15:00:49,7.1
113,144,2024-12-08T15:35:09,5.633333333333334
186,249,2024-12-08T15:37:57,5.883333333333334
261,249,2024-12-08T15:55:33,11.616666666666667
142,238,2024-12-08T15:49:42,5.066666666666666
132,170,2024-12-08T15:09:56,47.63333333333333
230,142,2024-12-08T15:16:21,4.9
238,74,2024-12-08T16:01:22,18.066666666666666
132,79,2024-12-08T16:01:31,52.53333333333333
138,41,2024-12-08T16:39:03,20.266666666666666
249,170,2024-12-08T16:36:54,24.9
48,13,2024-12-08T16:22:22,31.233333333333334
162,79,2024-12-08T16:12:44,24.666666666666668
164,237,2024-12-08T16:06:44,21.583333333333332
144,246,2024-12-08T16:09:17,19.083333333333332
238,166,2024-12-08T16:25:01,12.383333333333333
132,205,2024-12-08T16:18:06,22.433333333333334
100,132,2024-12-08T16:08:53,87.53333333333333
138,70,2024-12-08T16:48:39,1.4333333333333333
163,142,2024-12-08T17:39:41,5.1
143,142,2024-12-08T17:28:08,4.833333333333333
138,140,2024-12-08T17:59:11,31.266666666666666
236,43,2024-12-08T17:32:25,16.266666666666666
132,236,2024-12-08T17:54:46,53.9
100,138,2024-12-08T17:04:03,76.4
142,239,2024-12-08T18:48:05,3.9833333333333334
170,170,2024-12-08T18:26:11,2.7666666666666666
229,107,2024-12-08T18:32:51,11.966666666666667
137,137,2024-12-08T18:43:14,5.1
236,162,2024-12-08T18:00:21,19.7
162,137,2024-12-08T18:50:49,8.05
138,237,2024-12-08T18:07:10,29.966666666666665
132,228,2024-12-08T18:12:15,41.28333333333333
140,113,2024-12-08T19:59:47,14.883333333333333
162,141,2024-12-08T19:30:48,7.45
161,140,2024-12-08T19:49:26,11.033333333333333
48,113,2024-12-08T19:54:06,20.75
114,237,2024-12-08T19:01:21,29.933333333333334
170,129,2024-12-08T19:01:44,17.25
246,141,2024-12-08T20:37:35,33.28333333333333
132,234,2024-12-08T20:49:19,37.766666666666666
48,229,2024-12-08T20:22:31,24.166666666666668
87,246,2024-12-08T20:20:48,25.983333333333334
90,161,2024-12-08T21:18:55,8.216666666666667
236,263,2024-12-08T21:54:34,4.233333333333333
209,238,2024-12-08T21:34:36,20.516666666666666
158,137,2024-12-08T21:41:24,11.583333333333334
144,107,2024-12-08T21:06:31,9.85
43,189,2024-12-08T21:18:39,41.46666666666667
70,229,2024-12-08T21:15:22,15.333333333333334
132,243,2024-12-08T21:22:25,34.016666666666666
163,141,2024-12-08T21:53:00,6.766666666666667
234,143,2024-12-08T22:17:52,17.466666666666665
138,141,2024-12-08T22:32:20,19.916666666666668
141,236,2024-12-08T22:54:15,4.283333333333333
163,142,2024-12-08T22:42:51,7.033333333333333
186,263,2024-12-08T22:44:46,19.4
142,238,2024-12-08T23:14:47,3.5
138,100,2024-12-08T23:31:30,23.983333333333334
230,238,2024-12-08T23:17:32,11.0
237,163,2024-12-08T23:04:42,1.9833333333333334
48,243,2024-12-09T02:56:34,15.816666666666666
229,132,2024-12-09T04:55:50,29.366666666666667
48,164,2024-12-09T05:44:19,4.2
262,68,2024-12-09T06:17:53,15.966666666666667
48,246,2024-12-09T06:48:38,5.316666666666666
140,263,2024-12-09T06:55:46,8.333333333333334
162,137,2024-12-09T06:49:12,6.416666666666667
237,163,2024-12-09T07:20:54,7.95
238,13,2024-12-09T08:18:12,23.833333333333332
262,233,2024-12-09T08:17:20,10.05
233,1,2024-12-09T08:25:13,39.083333333333336
239,230,2024-12-09T08:05:10,13.45
151,237,2024-12-09T08:35:35,30.233333333333334
151,138,2024-12-09T08:41:46,30.4
142,161,2024-12-09T08:45:03,10.583333333333334
170,229,2024-12-09T08:07:33,8.1
216,48,2024-12-09T09:30:42,69.16666666666667
142,236,2024-12-09T09:03:57,13.716666666666667
211,161,2024-12-09T09:45:30,29.1
170,234,2024-12-09T09:12:02,5.8
161,140,2024-12-09T09:16:25,15.466666666666667
161,142,2024-12-09T09:26:57,12.15
89,22,2024-12-09T09:17:23,26.316666666666666
138,246,2024-12-09T09:04:55,41.06666666666667
151,142,2024-12-09T09:54:59,13.633333333333333
263,262,2024-12-09T10:11:59,11.9
132,158,2024-12-09T10:56:35,64.25
48,162,2024-12-09T10:54:07,35.483333333333334
164,162,2024-12-09T10:59:39,11.85
246,230,2024-12-09T10:49:00,22.916666666666668
186,68,2024-12-09T10:13:32,4.0
79,186,2024-12-09T10:43:35,18.45
233,88,2024-12-09T09:56:48,15.4
144,113,2024-12-09T10:41:30,6.916666666666667
12,132,2024-12-09T10:33:57,45.733333333333334
162,161,2024-12-09T10:12:15,15.35
76,14,2024-12-09T10:33:43,45.166666666666664
107,144,2024-12-09T11:14:05,8.133333333333333
237,164,2024-12-09T11:26:26,18.8
140,229,2024-12-09T11:50:39,6.05
237,138,2024-12-09T11:53:30,34.13333333333333
90,249,2024-12-09T12:23:05,5.95
246,13,2024-12-09T12:06:29,13.483333333333333
230,48,2024-12-09T12:30:36,24.966666666666665
162,237,2024-12-09T12:57:57,9.7
161,186,2024-12-09T12:53:28,22.45
162,33,2024-12-09T12:18:40,27.766666666666666
140,237,2024-12-09T12:02:06,9.3
79,237,2024-12-09T12:19:20,27.766666666666666
48,237,2024-12-09T12:15:07,21.25
75,238,2024-12-09T13:54:26,5.766666666666667
263,236,2024-12-09T13:19:30,5.533333333333333
238,143,2024-12-09T13:20:37,8.7
141,43,2024-12-09T13:44:13,7.1
144,163,2024-12-09T13:28:51,39.25
236,229,2024-12-09T13:51:35,13.483333333333333
237,75,2024-12-09T13:07:46,18.8
163,237,2024-12-09T13:32:21,13.033333333333333
166,132,2024-12-09T13:29:10,62.983333333333334
43,239,2024-12-09T14:10:47,12.133333333333333
144,261,2024-12-09T14:13:32,12.733333333333333
132,74,2024-12-09T14:26:05,63.583333333333336
158,1,2024-12-09T14:46:12,62.65
246,230,2024-12-09T14:50:06,13.9
236,263,2024-12-09T14:32:06,9.483333333333333
161,163,2024-12-09T14:27:04,9.433333333333334
186,237,2024-12-09T15:30:33,21.833333333333332
68,236,2024-12-09T15:51:15,36.983333333333334
238,236,2024-12-09T15:30:32,9.066666666666666
161,141,2024-12-09T15:26:27,10.65
263,236,2024-12-09T15:58:37,5.583333333333333
114,170,2024-12-09T15:08:56,17.116666666666667
237,162,2024-12-09T15:50:25,3.95
114,137,2024-12-09T15:17:37,15.35
186,246,2024-12-09T15:37:07,8.316666666666666
48,137,2024-12-09T16:31:06,26.966666666666665
239,239,2024-12-09T16:12:23,2.5833333333333335
114,164,2024-12-09T16:02:22,19.35
163,186,2024-12-09T16:20:03,24.316666666666666
162,113,2024-12-09T16:19:40,19.033333333333335
237,236,2024-12-09T16:26:23,7.583333333333333
166,151,2024-12-09T16:13:58,6.666666666666667
163,239,2024-12-09T16:37:32,12.083333333333334
234,249,2024-12-09T16:29:46,6.533333333333333
132,100,2024-12-09T16:44:41,80.43333333333334
246,87,2024-12-09T17:03:49,21.766666666666666
140,142,2024-12-09T17:48:29,19.7
186,230,2024-12-09T17:20:27,26.716666666666665
237,161,2024-12-09T17:28:01,16.55
162,142,2024-12-09T17:17:38,16.133333333333333
100,162,2024-12-09T17:09:59,12.65
249,140,2024-12-09T17:56:21,40.88333333333333
186,163,2024-12-09T17:07:49,23.816666666666666
137,45,2024-12-09T18:35:00,11.45
68,45,2024-12-09T18:25:25,21.433333333333334
75,166,2024-12-09T18:51:12,8.3
231,87,2024-12-09T18:11:35,4.266666666666667
161,170,2024-12-09T18:24:53,4.866666666666666
239,239,2024-12-09T18:16:57,4.283333333333333
158,246,2024-12-09T18:03:02,12.366666666666667
158,249,2024-12-09T18:11:27,6.416666666666667
164,246,2024-12-09T18:08:41,24.933333333333334
236,170,2024-12-09T18:11:54,20.983333333333334
142,68,2024-12-09T18:48:04,23.966666666666665
114,88,2024-12-09T19:13:01,12.416666666666666
236,237,2024-12-09T19:05:27,7.283333333333333
132,162,2024-12-09T19:52:29,36.8
246,170,2024-12-09T19:35:18,15.683333333333334
68,137,2024-12-09T19:43:39,15.133333333333333
137,234,2024-12-09T19:32:35,8.1
236,236,2024-12-09T19:04:14,5.016666666666667
249,228,2024-12-09T19:58:51,23.416666666666668
48,13,2024-12-09T19:21:01,19.766666666666666
163,255,2024-12-09T19:57:04,28.733333333333334
239,234,2024-12-09T20:58:43,18.033333333333335
186,249,2024-12-09T20:10:26,4.4
161,114,2024-12-09T20:21:02,19.016666666666666
141,79,2024-12-09T20:23:50,18.75
163,236,2024-12-09T20:58:21,8.233333333333333
161,162,2024-12-09T20:47:04,12.883333333333333
132,91,2024-12-09T20:15:59,35.15
239,262,2024-12-09T20:51:37,9.866666666666667
236,142,2024-12-09T20:42:21,7.983333333333333
66,25,2024-12-09T20:24:59,8.35
261,262,2024-12-09T21:17:27,19.333333333333332
211,87,2024-12-09T21:36:12,18.3
249,231,2024-12-09T21:51:30,9.366666666666667
68,49,2024-12-09T21:32:01,33.78333333333333
68,97,2024-12-09T21:43:01,23.683333333333334
132,100,2024-12-09T21:43:04,29.9
141,239,2024-12-09T21:50:13,8.716666666666667
132,234,2024-12-09T21:52:00,38.55
138,100,2024-12-09T22:04:51,24.983333333333334
186,230,2024-12-09T22:11:43,5.683333333333334
237,233,2024-12-09T22:54:50,14.333333333333334
114,88,2024-12-09T22:03:55,8.2
162,249,2024-12-09T22:00:15,13.983333333333333
79,107,2024-12-09T22:57:11,4.933333333333334
162,255,2024-12-09T22:20:05,19.066666666666666
237,229,2024-12-09T22:38:39,9.566666666666666
239,166,2024-12-09T22:11:19,14.2
246,143,2024-12-09T23:56:41,11.233333333333333
114,170,2024-12-09T23:48:58,8.766666666666667
163,223,2024-12-09T23:07:09,25.183333333333334
132,141,2024-12-09T23:33:40,41.11666666666667
138,129,2024-12-09T23:01:30,7.133333333333334
141,229,2024-12-09T23:52:40,3.9833333333333334
249,90,2024-12-10T00:00:03,10.316666666666666
132,33,2024-12-10T00:19:17,31.233333333333334
161,7,2024-12-10T00:26:33,22.166666666666668
163,142,2024-12-10T00:22:58,3.8666666666666667
144,114,2024-12-10T00:02:47,6.45
186,162,2024-12-10T00:41:23,5.283333333333333
132,73,2024-12-10T00:50:40,31.666666666666668
162,237,2024-12-10T01:31:41,5.633333333333334
170,230,2024-12-10T06:59:43,10.7
166,170,2024-12-10T06:58:11,24.916666666666668
113,163,2024-12-10T06:08:57,6.283333333333333
166,166,2024-12-10T07:01:01,3.7
230,138,2024-12-10T07:51:12,34.25
230,170,2024-12-10T07:12:02,11.4
48,162,2024-12-10T07:07:26,11.766666666666667
137,186,2024-12-10T07:52:33,11.6
163,236,2024-12-10T07:43:34,22.583333333333332
142,236,2024-12-10T07:30:55,11.3
237,170,2024-12-10T08:37:10,9.333333333333334
125,234,2024-12-10T08:15:43,9.9
237,236,2024-12-10T08:55:40,8.65
140,238,2024-12-10T08:30:48,16.833333333333332
138,211,2024-12-10T08:15:56,48.88333333333333
90,148,2024-12-10T09:08:31,15.233333333333333
89,152,2024-12-10T09:27:54,101.95
262,140,2024-12-10T09:57:49,1.3833333333333333
140,229,2024-12-10T09:10:27,4.566666666666666
236,263,2024-12-10T09:56:36,4.716666666666667
237,162,2024-12-10T09:31:39,10.233333333333333
137,234,2024-12-10T09:20:40,10.766666666666667
186,163,2024-12-10T08:59:14,24.916666666666668
170,237,2024-12-10T10:45:04,16.083333333333332
234,137,2024-12-10T10:41:03,9.983333333333333
262,170,2024-12-10T10:25:23,20.083333333333332
138,163,2024-12-10T10:01:19,43.95
236,237,2024-12-10T10:33:14,7.416666666666667
138,170,2024-12-10T10:58:28,49.25
164,90,2024-12-10T10:46:48,12.95
138,140,2024-12-10T10:54:42,41.45
70,161,2024-12-10T10:45:35,51.233333333333334
113,209,2024-12-10T10:25:04,14.2
236,236,2024-12-10T11:56:49,3.433333333333333
162,141,2024-12-10T11:54:30,20.033333333333335
262,140,2024-12-10T11:44:27,4.883333333333334
114,107,2024-12-10T11:08:23,12.666666666666666
229,229,2024-12-10T11:27:53,13.916666666666666
170,255,2024-12-10T12:29:33,16.983333333333334
166,42,2024-12-10T12:58:16,14.9
161,236,2024-12-10T12:36:08,26.733333333333334
70,143,2024-12-10T12:41:50,38.583333333333336
107,229,2024-12-10T12:36:17,30.7
161,162,2024-12-10T12:43:06,11.383333333333333
141,140,2024-12-10T12:44:59,7.566666666666666
249,13,2024-12-10T12:17:49,12.216666666666667
140,41,2024-12-10T12:02:07,21.2
132,163,2024-12-10T12:51:22,75.83333333333333
137,229,2024-12-10T13:02:58,8.466666666666667
162,140,2024-12-10T13:19:17,15.45
239,151,2024-12-10T13:56:26,7.45
236,140,2024-12-10T13:41:48,16.766666666666666
237,140,2024-12-10T13:38:13,12.4
142,163,2024-12-10T13:35:09,7.883333333333334
140,141,2024-12-10T13:37:22,5.533333333333333
230,50,2024-12-10T13:50:00,8.25
229,164,2024-12-10T13:46:05,44.15
140,236,2024-12-10T13:37:12,6.816666666666666
239,141,2024-12-10T13:50:23,22.833333333333332
142,230,2024-12-10T13:27:29,23.916666666666668
161,48,2024-12-10T13:57:06,34.21666666666667
231,261,2024-12-10T13:42:51,8.566666666666666
233,161,2024-12-10T13:59:45,36.6
132,162,2024-12-10T13:23:43,63.36666666666667
138,230,2024-12-10T14:10:54,66.18333333333334
75,238,2024-12-10T14:43:07,13.283333333333333
163,68,2024-12-10T14:28:20,15.966666666666667
140,162,2024-12-10T14:24:56,16.833333333333332
237,263,2024-12-10T14:42:38,14.083333333333334
229,263,2024-12-10T14:02:51,19.85
48,137,2024-12-10T14:02:07,24.733333333333334
75,237,2024-12-10T14:05:38,11.8
162,113,2024-12-10T14:31:05,30.7
137,137,2024-12-10T15:54:25,5.6
87,189,2024-12-10T15:03:34,34.9
237,236,2024-12-10T15:46:36,9.966666666666667
230,162,2024-12-10T15:37:44,19.033333333333335
263,236,2024-12-10T15:21:16,10.0
249,170,2024-12-10T15:48:25,36.03333333333333
234,164,2024-12-10T15:29:24,27.616666666666667
162,246,2024-12-10T15:12:46,27.633333333333333
138,230,2024-12-10T15:12:32,85.28333333333333
161,142,2024-12-10T15:07:04,20.116666666666667
233,132,2024-12-10T15:58:34,65.58333333333333
142,50,2024-12-10T15:10:32,5.8
132,161,2024-12-10T15:19:40,107.58333333333333
238,239,2024-12-10T16:51:25,7.9
234,163,2024-12-10T16:13:16,44.583333333333336
75,41,2024-12-10T16:17:12,14.85
236,161,2024-12-10T16:26:54,25.583333333333332
144,161,2024-12-10T16:39:34,49.68333333333333
68,142,2024-12-10T16:28:53,31.15
236,239,2024-12-10T16:36:28,7.133333333333334
236,230,2024-12-10T16:47:22,36.36666666666667
236,236,2024-12-10T16:14:48,2.1333333333333333
186,48,2024-12-10T16:41:55,34.88333333333333
249,90,2024-12-10T16:45:23,10.916666666666666
230,68,2024-12-10T16:23:48,5.65
138,162,2024-12-10T16:22:05,73.8
48,100,2024-12-10T17:04:15,16.05
132,48,2024-12-10T17:51:16,68.41666666666667
239,238,2024-12-10T17:01:24,7.2
186,234,2024-12-10T17:51:10,14.5
239,238,2024-12-10T17:22:03,6.0
231,162,2024-12-10T17:16:30,37.43333333333333
263,140,2024-12-10T17:29:32,4.916666666666667
140,75,2024-12-10T17:40:55,18.15
230,50,2024-12-10T17:44:30,14.233333333333333
43,142,2024-12-10T17:31:58,12.033333333333333
141,239,2024-12-10T18:21:07,19.3
236,43,2024-12-10T18:13:38,7.35
90,42,2024-12-10T18:07:40,60.483333333333334
79,114,2024-12-10T18:42:05,8.116666666666667
186,125,2024-12-10T18:17:48,8.566666666666666
162,138,2024-12-10T18:05:31,33.916666666666664
237,237,2024-12-10T18:07:27,8.8
132,193,2024-12-10T18:20:36,46.36666666666667
170,162,2024-12-10T18:13:47,11.366666666666667
236,237,2024-12-10T19:10:43,5.483333333333333
237,43,2024-12-10T19:13:50,6.266666666666667
237,236,2024-12-10T19:42:54,6.583333333333333
138,65,2024-12-10T19:32:09,25.283333333333335
138,244,2024-12-10T19:03:17,27.7
239,263,2024-12-10T19:11:37,11.866666666666667
229,141,2024-12-10T19:03:09,7.166666666666667
161,246,2024-12-10T19:38:51,19.316666666666666
142,239,2024-12-10T19:16:37,2.6166666666666667
230,162,2024-12-10T19:29:33,9.066666666666666
230,142,2024-12-10T19:46:14,6.533333333333333
41,74,2024-12-10T19:22:24,6.1
100,170,2024-12-10T19:14:45,6.933333333333334
138,68,2024-12-10T19:32:59,29.283333333333335
234,13,2024-12-10T20:42:03,18.45
231,45,2024-12-10T20:06:41,8.983333333333333
237,262,2024-12-10T20:13:12,10.5
68,90,2024-12-10T20:12:09,4.516666666666667
230,42,2024-12-10T20:01:15,22.366666666666667
48,230,2024-12-10T20:42:53,12.083333333333334
161,229,2024-12-10T20:46:16,5.933333333333334
114,186,2024-12-10T20:14:42,11.283333333333333
142,162,2024-12-10T20:13:56,16.05
125,79,2024-12-10T20:56:06,12.733333333333333
125,132,2024-12-10T20:16:41,60.666666666666664
142,231,2024-12-10T20:48:38,22.933333333333334
113,49,2024-12-10T20:37:05,31.316666666666666
230,230,2024-12-10T20:03:34,11.55
164,141,2024-12-10T21:35:05,10.883333333333333
163,236,2024-12-10T21:31:33,13.933333333333334
161,238,2024-12-10T21:08:11,20.283333333333335
50,48,2024-12-10T21:24:57,4.7
162,113,2024-12-10T21:50:55,16.066666666666666
234,125,2024-12-10T21:46:12,11.45
238,48,2024-12-10T21:45:56,12.1
164,233,2024-12-10T21:56:13,5.2
229,162,2024-12-10T21:34:59,7.883333333333334
158,148,2024-12-10T21:26:37,11.35
231,54,2024-12-10T21:35:26,17.75
132,255,2024-12-10T21:36:58,36.333333333333336
234,231,2024-12-10T21:11:28,13.85
107,170,2024-12-10T21:58:06,5.016666666666667
90,246,2024-12-10T21:13:41,3.9
132,144,2024-12-10T21:30:52,37.06666666666667
255,80,2024-12-10T21:57:15,6.783333333333333
263,262,2024-12-10T21:55:52,3.7666666666666666
230,186,2024-12-10T22:27:44,7.266666666666667
239,79,2024-12-10T22:50:09,24.433333333333334
161,236,2024-12-10T22:27:14,14.583333333333334
48,238,2024-12-10T22:20:53,9.15
114,79,2024-12-10T22:02:14,7.816666666666666
43,161,2024-12-10T22:07:31,6.7
79,237,2024-12-10T22:52:18,14.966666666666667
237,230,2024-12-10T22:25:32,17.316666666666666
231,89,2024-12-10T23:43:10,22.0
233,161,2024-12-10T23:12:40,9.1
163,164,2024-12-10T23:17:27,12.366666666666667
162,182,2024-12-10T23:00:47,36.68333333333333
88,87,2024-12-10T23:10:36,10.083333333333334
161,229,2024-12-11T00:43:20,4.883333333333334
234,125,2024-12-11T00:48:10,6.533333333333333
237,163,2024-12-11T00:49:25,7.883333333333334
161,114,2024-12-11T00:10:59,21.583333333333332
50,239,2024-12-11T01:52:14,5.95
79,262,2024-12-11T01:50:23,14.75
163,132,2024-12-11T03:34:11,37.88333333333333
186,132,2024-12-11T05:37:04,33.333333333333336
249,231,2024-12-11T05:19:59,7.35
186,234,2024-12-11T06:20:28,4.55
162,137,2024-12-11T06:51:43,7.516666666666667
142,161,2024-12-11T07:16:28,12.9
166,152,2024-12-11T07:56:07,3.8666666666666667
237,162,2024-12-11T07:49:53,3.566666666666667
138,41,2024-12-11T07:40:45,37.86666666666667
163,170,2024-12-11T07:49:22,19.216666666666665
237,161,2024-12-11T07:02:08,3.55
231,162,2024-12-11T07:35:29,18.3
236,236,2024-12-11T07:01:42,5.133333333333334
141,140,2024-12-11T08:22:16,5.65
114,234,2024-12-11T08:01:13,9.2
162,137,2024-12-11T08:45:00,7.166666666666667
238,239,2024-12-11T08:58:01,8.5
249,231,2024-12-11T08:09:28,9.35
229,161,2024-12-11T08:44:29,9.066666666666666
236,237,2024-12-11T08:28:15,5.533333333333333
138,161,2024-12-11T08:01:59,62.81666666666667
236,234,2024-12-11T09:48:48,23.783333333333335
186,234,2024-12-11T09:13:41,8.833333333333334
234,230,2024-12-11T09:00:23,14.283333333333333
138,112,2024-12-11T09:53:39,19.383333333333333
161,237,2024-12-11T09:37:57,18.216666666666665
186,79,2024-12-11T09:32:11,15.233333333333333
234,246,2024-12-11T09:52:58,13.366666666666667
237,88,2024-12-11T09:26:02,20.233333333333334
90,230,2024-12-11T09:37:41,13.933333333333334
116,74,2024-12-11T09:40:51,38.916666666666664
43,75,2024-12-11T09:31:50,4.766666666666667
138,146,2024-12-11T09:41:55,20.433333333333334
165,108,2024-12-11T09:13:14,20.883333333333333
68,164,2024-12-11T10:24:51,19.233333333333334
90,68,2024-12-11T10:50:28,18.116666666666667
262,107,2024-12-11T10:59:07,21.016666666666666
237,163,2024-12-11T10:36:52,9.333333333333334
234,230,2024-12-11T10:01:22,15.35
186,100,2024-12-11T10:30:02,24.633333333333333
237,237,2024-12-11T11:35:25,7.216666666666667
188,85,2024-12-11T11:22:32,16.35
142,142,2024-12-11T11:59:15,2.566666666666667
148,237,2024-12-11T11:19:00,58.65
140,140,2024-12-11T11:03:54,9.983333333333333
249,87,2024-12-11T11:57:08,19.466666666666665
132,157,2024-12-11T11:43:41,18.9
236,161,2024-12-11T11:16:17,19.95
234,100,2024-12-11T11:50:28,40.0
163,137,2024-12-11T11:41:11,39.666666666666664
163,143,2024-12-11T11:00:38,6.433333333333334
162,161,2024-12-11T12:26:49,21.2
237,237,2024-12-11T12:01:25,10.916666666666666
138,162,2024-12-11T12:50:14,56.78333333333333
162,262,2024-12-11T12:10:14,13.4
239,238,2024-12-11T12:34:43,6.333333333333333
140,145,2024-12-11T12:01:39,16.883333333333333
231,249,2024-12-11T12:24:17,16.05
161,164,2024-12-11T12:39:49,13.966666666666667
186,236,2024-12-11T13:09:01,50.46666666666667
142,246,2024-12-11T13:16:26,10.566666666666666
170,143,2024-12-11T13:28:08,51.21666666666667
151,140,2024-12-11T13:52:06,23.283333333333335
143,166,2024-12-11T13:54:38,15.516666666666667
236,237,2024-12-11T13:42:42,9.416666666666666
68,113,2024-12-11T14:08:31,14.933333333333334
90,249,2024-12-11T14:52:39,2.85
107,234,2024-12-11T14:25:44,3.85
162,263,2024-12-11T14:35:20,33.28333333333333
166,48,2024-12-11T14:53:36,23.633333333333333
43,151,2024-12-11T14:04:55,21.116666666666667
186,239,2024-12-11T14:10:25,38.95
161,90,2024-12-11T14:33:17,11.1
162,132,2024-12-11T14:09:27,72.28333333333333
211,79,2024-12-11T14:42:28,12.966666666666667
246,262,2024-12-11T14:13:20,38.583333333333336
246,164,2024-12-11T14:46:03,21.383333333333333
162,137,2024-12-11T14:29:03,10.4
233,164,2024-12-11T14:43:12,13.3
163,239,2024-12-11T14:54:27,7.716666666666667
161,138,2024-12-11T14:33:47,46.13333333333333
145,145,2024-12-11T15:39:53,1.0666666666666667
263,141,2024-12-11T15:15:50,4.733333333333333
236,142,2024-12-11T15:14:40,13.65
239,236,2024-12-11T15:51:08,6.45
141,229,2024-12-11T15:16:59,30.933333333333334
48,239,2024-12-11T15:32:06,14.516666666666667
163,186,2024-12-11T15:27:42,19.083333333333332
263,166,2024-12-11T16:38:20,13.8
236,142,2024-12-11T16:14:20,7.883333333333334
166,74,2024-12-11T16:09:32,13.083333333333334
233,148,2024-12-11T16:29:48,34.4
158,236,2024-12-11T16:10:47,60.93333333333333
161,236,2024-12-11T16:20:27,26.033333333333335
164,239,2024-12-11T16:30:12,44.8
231,186,2024-12-11T16:29:54,44.833333333333336
107,164,2024-12-11T16:43:47,9.583333333333334
162,234,2024-12-11T16:46:55,21.083333333333332
237,141,2024-12-11T16:00:14,6.15
236,239,2024-12-11T16:18:51,14.1
100,161,2024-12-11T16:18:13,31.133333333333333
79,158,2024-12-11T16:26:57,21.216666666666665
161,237,2024-12-11T16:19:02,18.116666666666667
186,237,2024-12-11T16:17:53,39.766666666666666
186,236,2024-12-11T16:33:03,41.81666666666667
237,237,2024-12-11T17:03:10,6.483333333333333
50,163,2024-12-11T17:04:59,20.166666666666668
237,43,2024-12-11T17:57:18,6.516666666666667
238,50,2024-12-11T17:21:33,22.233333333333334
162,163,2024-12-11T17:35:04,19.05
164,161,2024-12-11T17:08:05,34.56666666666667
263,237,2024-12-11T17:59:31,9.4
237,239,2024-12-11T17:06:11,14.983333333333333
161,68,2024-12-11T17:17:19,57.55
143,50,2024-12-11T17:28:34,5.266666666666667
140,141,2024-12-11T17:11:14,9.85
249,68,2024-12-11T18:44:28,21.9
236,162,2024-12-11T18:44:47,10.4
239,43,2024-12-11T18:59:30,15.1
162,234,2024-12-11T18:56:14,18.933333333333334
68,246,2024-12-11T18:10:57,10.85
144,79,2024-12-11T18:26:36,12.35
163,141,2024-12-11T18:03:45,11.666666666666666
230,50,2024-12-11T18:47:04,12.016666666666667
161,163,2024-12-11T18:18:00,5.416666666666667
233,79,2024-12-11T18:18:25,20.0
113,170,2024-12-11T18:59:19,21.966666666666665
138,75,2024-12-11T18:14:49,33.96666666666667
161,230,2024-12-11T18:25:03,33.03333333333333
125,164,2024-12-11T18:04:59,40.3
237,225,2024-12-11T18:17:47,41.516666666666666
142,238,2024-12-11T19:50:06,4.466666666666667
13,144,2024-12-11T19:22:45,9.083333333333334
236,164,2024-12-11T19:58:27,43.5
236,43,2024-12-11T19:27:03,6.533333333333333
263,263,2024-12-11T19:09:07,2.8
249,246,2024-12-11T19:11:39,12.316666666666666
246,68,2024-12-11T19:08:34,6.916666666666667
263,237,2024-12-11T19:17:28,16.05
114,249,2024-12-11T19:13:55,4.583333333333333
13,143,2024-12-11T20:23:16,24.1
237,142,2024-12-11T20:52:45,6.35
79,231,2024-12-11T20:31:57,15.2
233,246,2024-12-11T20:38:53,21.666666666666668
138,239,2024-12-11T20:23:52,39.96666666666667
132,7,2024-12-11T20:35:36,28.45
231,138,2024-12-11T20:33:53,24.9
211,181,2024-12-11T20:18:26,25.55
87,167,2024-12-11T20:08:17,51.46666666666667
234,113,2024-12-11T20:37:39,4.233333333333333
161,48,2024-12-11T21:58:47,25.6
114,66,2024-12-11T21:09:58,19.066666666666666
138,7,2024-12-11T21:29:23,12.483333333333333
113,79,2024-12-11T21:00:56,8.35
43,230,2024-12-11T21:12:41,6.083333333333333
43,231,2024-12-11T21:03:16,25.05
237,43,2024-12-11T22:04:45,6.366666666666666
142,161,2024-12-11T22:54:24,14.533333333333333
162,143,2024-12-11T22:43:57,18.616666666666667
170,236,2024-12-11T22:23:20,17.4
236,41,2024-12-11T23:09:33,7.883333333333334
138,142,2024-12-11T23:15:11,23.866666666666667
48,239,2024-12-11T23:01:09,15.983333333333333
107,148,2024-12-11T23:54:55,7.916666666666667
138,161,2024-12-11T23:28:17,21.8
138,158,2024-12-11T23:11:17,29.05
148,228,2024-12-11T23:48:29,29.616666666666667
125,162,2024-12-11T23:04:42,13.7
138,262,2024-12-11T23:29:41,17.9
88,87,2024-12-12T00:41:42,2.95
132,80,2024-12-12T00:17:38,40.65
138,170,2024-12-12T00:49:14,15.033333333333333
48,100,2024-12-12T00:46:51,6.783333333333333
186,142,2024-12-12T00:13:28,12.633333333333333
87,50,2024-12-12T01:30:12,17.55
162,262,2024-12-12T01:26:46,9.533333333333333
246,143,2024-12-12T02:04:18,6.816666666666666
249,107,2024-12-12T02:20:16,7.283333333333333
48,116,2024-12-12T03:05:35,13.816666666666666
246,48,2024-12-12T04:03:46,6.5
236,162,2024-12-12T06:35:51,6.266666666666667
186,161,2024-12-12T06:14:24,7.133333333333334
140,209,2024-12-12T07:50:49,17.466666666666665
230,162,2024-12-12T07:38:52,5.683333333333334
237,68,2024-12-12T07:29:27,14.666666666666666
186,48,2024-12-12T07:32:09,8.9
210,21,2024-12-12T07:47:45,23.85
186,161,2024-12-12T08:21:06,8.5
138,163,2024-12-12T08:50:50,75.76666666666667
170,161,2024-12-12T08:46:53,9.1
100,141,2024-12-12T08:02:52,28.2
238,237,2024-12-12T08:52:05,13.333333333333334
140,263,2024-12-12T08:30:05,5.116666666666666
186,107,2024-12-12T08:38:49,11.3
68,107,2024-12-12T08:26:38,11.05
163,243,2024-12-12T09:26:57,18.95
262,140,2024-12-12T09:33:51,6.066666666666666
237,236,2024-12-12T09:11:24,7.933333333333334
74,75,2024-12-12T09:12:00,8.116666666666667
151,142,2024-12-12T09:53:55,12.466666666666667
138,107,2024-12-12T09:25:20,45.8
43,43,2024-12-12T09:31:39,5.966666666666667
141,43,2024-12-12T09:57:30,18.733333333333334
138,88,2024-12-12T09:01:38,57.03333333333333
162,43,2024-12-12T09:58:05,35.516666666666666
186,170,2024-12-12T09:25:49,12.033333333333333
229,138,2024-12-12T10:38:35,28.9
48,246,2024-12-12T10:10:48,10.666666666666666
238,100,2024-12-12T10:57:06,37.983333333333334
186,229,2024-12-12T10:27:15,61.4
238,236,2024-12-12T10:47:51,12.333333333333334
162,239,2024-12-12T11:07:59,28.933333333333334
231,237,2024-12-12T11:35:16,47.05
236,161,2024-12-12T11:29:34,41.666666666666664
138,112,2024-12-12T11:50:58,39.8
230,68,2024-12-12T11:36:43,10.166666666666666
236,237,2024-12-12T11:21:17,7.35
239,142,2024-12-12T11:29:40,7.816666666666666
125,170,2024-12-12T11:43:15,34.7
249,234,2024-12-12T11:18:16,12.133333333333333
70,161,2024-12-12T11:11:27,109.53333333333333
236,151,2024-12-12T11:48:07,14.433333333333334
237,236,2024-12-12T11:47:19,4.6
138,161,2024-12-12T11:51:19,101.4
163,243,2024-12-12T12:58:54,46.766666666666666
90,161,2024-12-12T12:26:47,10.7
163,164,2024-12-12T12:59:10,31.65
88,170,2024-12-12T12:36:49,35.65
236,140,2024-12-12T12:53:22,14.666666666666666
239,166,2024-12-12T12:44:00,11.833333333333334
43,237,2024-12-12T12:06:16,8.233333333333333
186,68,2024-12-12T12:18:05,9.216666666666667
75,238,2024-12-12T12:56:31,13.166666666666666
164,138,2024-12-12T12:41:52,38.6
231,239,2024-12-12T12:58:06,50.38333333333333
186,186,2024-12-12T13:30:29,11.233333333333333
186,68,2024-12-12T13:25:30,17.866666666666667
79,229,2024-12-12T13:57:50,13.683333333333334
229,229,2024-12-12T13:08:12,2.716666666666667
140,107,2024-12-12T13:15:27,33.516666666666666
164,237,2024-12-12T13:11:16,43.483333333333334
74,76,2024-12-12T13:43:06,155.78333333333333
141,43,2024-12-12T13:49:46,13.933333333333334
236,143,2024-12-12T13:10:15,11.883333333333333
148,100,2024-12-12T13:52:37,29.0
170,229,2024-12-12T14:53:22,10.0
143,246,2024-12-12T14:56:01,10.533333333333333
140,161,2024-12-12T14:17:49,43.833333333333336
143,238,2024-12-12T14:46:33,6.35
68,186,2024-12-12T14:45:15,3.55
48,186,2024-12-12T15:33:11,13.916666666666666
151,152,2024-12-12T15:54:45,13.85
236,237,2024-12-12T15:06:46,14.55
237,141,2024-12-12T15:09:44,10.45
193,161,2024-12-12T15:39:47,67.41666666666667
161,233,2024-12-12T15:55:57,9.933333333333334
132,262,2024-12-12T15:14:06,75.98333333333333
142,48,2024-12-12T15:05:24,7.566666666666666
90,68,2024-12-12T15:28:58,9.883333333333333
48,138,2024-12-12T15:30:11,51.733333333333334
100,162,2024-12-12T15:00:59,17.616666666666667
140,141,2024-12-12T15:33:43,23.8
132,45,2024-12-12T16:25:02,101.56666666666666
90,229,2024-12-12T16:58:41,27.916666666666668
163,229,2024-12-12T16:30:47,6.533333333333333
144,79,2024-12-12T16:34:35,10.6
132,107,2024-12-12T16:27:42,83.71666666666667
262,237,2024-12-12T16:00:51,16.116666666666667
141,140,2024-12-12T16:18:14,6.683333333333334
162,263,2024-12-12T16:50:50,24.8
161,125,2024-12-12T16:46:57,25.9
236,75,2024-12-12T16:10:06,8.383333333333333
236,236,2024-12-12T16:19:14,3.6666666666666665
233,33,2024-12-12T16:32:51,24.583333333333332
43,162,2024-12-12T17:31:06,36.516666666666666
162,162,2024-12-12T17:49:11,6.35
234,125,2024-12-12T17:25:47,9.566666666666666
141,262,2024-12-12T17:16:55,6.516666666666667
43,236,2024-12-12T17:30:24,7.416666666666667
138,107,2024-12-12T17:45:00,60.483333333333334
237,236,2024-12-12T17:55:35,6.416666666666667
162,138,2024-12-12T17:23:12,47.733333333333334
113,246,2024-12-12T17:14:21,12.15
163,43,2024-12-12T17:22:32,1.7166666666666666
90,68,2024-12-12T17:36:32,5.1
48,142,2024-12-12T17:13:04,4.3
237,170,2024-12-12T18:40:22,26.083333333333332
132,170,2024-12-12T18:01:09,101.4
246,229,2024-12-12T18:54:52,30.85
100,239,2024-12-12T18:12:54,27.733333333333334
233,232,2024-12-12T18:03:35,27.066666666666666
186,90,2024-12-12T18:28:35,2.2
263,239,2024-12-12T18:10:40,13.683333333333334
162,263,2024-12-12T18:53:13,8.916666666666666
239,211,2024-12-12T18:44:46,48.78333333333333
236,161,2024-12-12T18:07:13,22.816666666666666
158,186,2024-12-12T18:39:21,6.25
262,141,2024-12-12T18:25:25,9.516666666666667
237,141,2024-12-12T19:27:12,7.666666666666667
142,239,2024-12-12T19:17:54,7.433333333333334
48,239,2024-12-12T19:12:30,21.716666666666665
170,249,2024-12-12T19:24:58,11.45
163,237,2024-12-12T19:07:21,3.3
163,236,2024-12-12T19:41:48,12.55
140,140,2024-12-12T19:08:16,17.966666666666665
100,90,2024-12-12T19:07:46,6.233333333333333
262,236,2024-12-12T19:11:37,7.866666666666666
151,166,2024-12-12T20:13:17,3.683333333333333
88,87,2024-12-12T20:59:25,5.65
164,48,2024-12-12T20:41:01,9.8
90,143,2024-12-12T20:36:11,28.15
143,239,2024-12-12T20:40:46,2.566666666666667
186,170,2024-12-12T20:21:04,8.816666666666666
236,151,2024-12-12T20:00:05,10.266666666666667
79,13,2024-12-12T20:34:22,18.233333333333334
161,141,2024-12-12T20:33:10,23.283333333333335
90,158,2024-12-12T20:56:48,5.85
170,158,2024-12-12T21:02:30,19.283333333333335
114,162,2024-12-12T21:33:54,22.333333333333332
68,263,2024-12-12T21:45:10,31.433333333333334
114,125,2024-12-12T21:07:01,9.3
236,239,2024-12-12T21:59:28,10.016666666666667
87,145,2024-12-12T21:19:31,21.383333333333333
48,142,2024-12-12T21:23:42,6.183333333333334
144,33,2024-12-12T21:17:50,12.75
232,164,2024-12-12T21:57:30,18.783333333333335
234,236,2024-12-12T21:00:09,31.733333333333334
79,137,2024-12-12T21:45:32,7.15
143,68,2024-12-12T21:44:19,12.066666666666666
48,143,2024-12-12T21:26:02,7.866666666666666
236,263,2024-12-12T21:38:03,6.9
142,239,2024-12-12T21:49:49,7.45
143,238,2024-12-12T21:27:50,8.2
90,158,2024-12-12T21:22:44,5.983333333333333
74,10,2024-12-12T21:28:21,28.866666666666667
132,37,2024-12-12T21:57:38,31.6
186,229,2024-12-12T21:59:56,25.783333333333335
234,142,2024-12-12T22:15:38,26.783333333333335
234,48,2024-12-12T22:21:24,21.05
142,162,2024-12-12T22:26:07,16.4
161,236,2024-12-12T22:29:46,12.233333333333333
163,238,2024-12-12T22:54:57,13.5
261,125,2024-12-12T22:35:55,17.0
163,140,2024-12-12T22:04:35,15.0
107,249,2024-12-12T22:23:45,8.8
132,124,2024-12-12T22:03:44,7.2
237,246,2024-12-12T22:29:23,26.383333333333333
141,164,2024-12-12T23:33:56,15.166666666666666
79,211,2024-12-12T23:52:51,8.0
237,209,2024-12-12T23:26:50,28.1
90,229,2024-12-12T23:52:38,12.65
141,263,2024-12-12T23:37:51,9.033333333333333
262,238,2024-12-12T23:19:56,4.55
230,263,2024-12-12T23:49:38,12.683333333333334
189,228,2024-12-12T23:52:55,11.883333333333333
162,237,2024-12-13T00:54:40,2.183333333333333
87,89,2024-12-13T00:22:52,22.35
230,50,2024-12-13T00:19:41,7.416666666666667
249,249,2024-12-13T00:11:39,19.366666666666667
68,142,2024-12-13T00:13:55,9.516666666666667
230,7,2024-12-13T01:13:31,38.43333333333333
234,246,2024-12-13T01:05:01,15.083333333333334
249,75,2024-12-13T01:23:15,18.666666666666668
246,48,2024-12-13T01:57:34,7.066666666666666
230,141,2024-12-13T01:01:37,10.8
186,68,2024-12-13T01:22:25,37.483333333333334
186,234,2024-12-13T02:06:47,12.066666666666666
79,68,2024-12-13T02:36:29,9.333333333333334
48,7,2024-12-13T04:04:38,19.5
132,239,2024-12-13T04:43:55,32.81666666666667
100,246,2024-12-13T04:50:32,7.1
132,138,2024-12-13T05:53:48,19.533333333333335
116,236,2024-12-13T06:49:32,17.666666666666668
48,186,2024-12-13T06:50:44,7.083333333333333
100,236,2024-12-13T06:27:45,17.216666666666665
237,138,2024-12-13T06:03:11,18.15
262,75,2024-12-13T07:45:11,6.633333333333334
170,230,2024-12-13T07:24:09,8.716666666666667
238,43,2024-12-13T07:27:01,8.7
239,161,2024-12-13T07:20:01,13.933333333333334
48,138,2024-12-13T07:02:53,32.78333333333333
239,4,2024-12-13T07:26:28,23.4
100,166,2024-12-13T07:33:14,29.183333333333334
237,236,2024-12-13T07:52:17,20.3
161,66,2024-12-13T07:06:18,17.183333333333334
233,107,2024-12-13T08:26:39,7.5
211,170,2024-12-13T08:08:06,14.466666666666667
237,170,2024-12-13T08:00:22,7.05
43,43,2024-12-13T09:59:43,3.7666666666666666
132,130,2024-12-13T09:13:14,13.183333333333334
42,141,2024-12-13T09:55:08,22.683333333333334
68,107,2024-12-13T10:31:27,16.55
48,66,2024-12-13T10:02:27,26.65
140,229,2024-12-13T10:36:22,7.933333333333334
132,141,2024-12-13T10:44:37,69.4
237,162,2024-12-13T10:17:54,9.383333333333333
230,68,2024-12-13T10:29:13,8.05
186,113,2024-12-13T10:53:08,15.183333333333334
236,162,2024-12-13T10:36:49,16.6
186,186,2024-12-13T10:24:44,7.583333333333333
138,161,2024-12-13T10:39:01,57.71666666666667
138,13,2024-12-13T11:33:37,53.333333333333336
233,90,2024-12-13T11:33:30,16.683333333333334
43,161,2024-12-13T11:12:45,13.083333333333334
236,144,2024-12-13T11:59:28,26.966666666666665
141,140,2024-12-13T11:17:50,6.033333333333333
237,163,2024-12-13T11:29:13,10.15
237,238,2024-12-13T11:54:12,18.716666666666665
68,87,2024-12-13T11:24:31,26.15
107,188,2024-12-13T11:43:29,51.28333333333333
144,45,2024-12-13T11:31:25,9.65
113,144,2024-12-13T11:09:28,15.383333333333333
238,237,2024-12-13T11:44:49,23.816666666666666
170,229,2024-12-13T11:33:17,9.816666666666666
138,164,2024-12-13T12:54:52,72.03333333333333
140,236,2024-12-13T12:07:14,11.533333333333333
75,236,2024-12-13T12:05:19,5.666666666666667
230,246,2024-12-13T12:10:16,13.383333333333333
132,161,2024-12-13T12:43:56,86.05
132,92,2024-12-13T12:21:21,28.65
163,239,2024-12-13T13:17:58,13.95
236,140,2024-12-13T13:29:47,26.55
68,234,2024-12-13T13:44:02,17.766666666666666
229,142,2024-12-13T13:41:30,24.833333333333332
138,233,2024-12-13T13:11:27,43.166666666666664
143,68,2024-12-13T13:26:45,11.266666666666667
237,113,2024-12-13T13:58:54,28.533333333333335
237,236,2024-12-13T13:06:46,9.883333333333333
230,112,2024-12-13T13:02:05,34.5
143,239,2024-12-13T13:35:37,6.05
230,79,2024-12-13T14:37:13,32.833333333333336
236,24,2024-12-13T14:15:36,17.683333333333334
237,236,2024-12-13T14:51:23,7.066666666666666
43,142,2024-12-13T14:10:00,6.516666666666667
140,181,2024-12-13T14:31:11,35.46666666666667
230,1,2024-12-13T14:11:32,32.06666666666667
249,79,2024-12-13T14:24:24,15.416666666666666
41,42,2024-12-13T14:30:21,8.316666666666666
161,48,2024-12-13T14:20:04,17.016666666666666
107,234,2024-12-13T14:44:16,4.333333333333333
186,236,2024-12-13T14:17:32,40.916666666666664
236,74,2024-12-13T14:25:19,8.016666666666667
234,79,2024-12-13T14:51:34,16.9
230,143,2024-12-13T14:23:52,6.433333333333334
75,236,2024-12-13T14:20:07,4.533333333333333
24,244,2024-12-13T14:37:51,21.05
163,237,2024-12-13T15:40:14,12.766666666666667
90,68,2024-12-13T15:04:05,8.233333333333333
234,68,2024-12-13T15:28:27,15.133333333333333
107,170,2024-12-13T15:15:06,6.733333333333333
140,161,2024-12-13T15:07:55,18.266666666666666
161,161,2024-12-13T15:29:54,4.9
163,68,2024-12-13T15:36:48,19.633333333333333
138,238,2024-12-13T15:40:17,60.916666666666664
239,236,2024-12-13T15:22:49,19.05
239,163,2024-12-13T15:22:14,13.533333333333333
138,170,2024-12-13T15:14:22,76.88333333333334
170,162,2024-12-13T15:25:57,8.45
164,162,2024-12-13T15:00:05,12.533333333333333
170,239,2024-12-13T15:02:08,46.53333333333333
151,151,2024-12-13T15:23:53,6.483333333333333
161,132,2024-12-13T15:28:48,84.91666666666667
143,238,2024-12-13T15:09:51,15.566666666666666
114,234,2024-12-13T15:00:23,16.183333333333334
234,162,2024-12-13T16:39:43,21.8
234,164,2024-12-13T16:34:43,6.233333333333333
236,237,2024-12-13T16:46:26,13.05
161,237,2024-12-13T16:45:30,7.4
132,63,2024-12-13T16:55:33,28.05
75,223,2024-12-13T16:56:39,29.133333333333333
238,166,2024-12-13T16:21:36,7.266666666666667
142,107,2024-12-13T16:51:07,33.583333333333336
236,238,2024-12-13T16:56:41,7.866666666666666
162,229,2024-12-13T16:57:32,6.0
186,230,2024-12-13T16:26:13,19.716666666666665
137,79,2024-12-13T16:21:16,9.833333333333334
170,163,2024-12-13T17:54:33,7.516666666666667
142,234,2024-12-13T17:40:31,39.05
234,75,2024-12-13T17:45:46,37.15
113,249,2024-12-13T17:31:02,2.566666666666667
170,164,2024-12-13T17:26:55,14.083333333333334
138,33,2024-12-13T17:38:21,48.36666666666667
262,236,2024-12-13T17:25:03,3.75
162,114,2024-12-13T17:51:57,18.033333333333335
48,42,2024-12-13T17:18:37,23.166666666666668
237,246,2024-12-13T18:47:48,33.15
162,48,2024-12-13T18:03:12,42.88333333333333
161,229,2024-12-13T18:36:41,12.2
114,186,2024-12-13T18:28:39,14.083333333333334
234,114,2024-12-13T18:05:25,15.15
229,170,2024-12-13T18:14:41,10.383333333333333
249,68,2024-12-13T18:28:58,10.55
239,229,2024-12-13T18:49:30,28.05
162,237,2024-12-13T18:12:01,8.383333333333333
231,232,2024-12-13T18:50:44,8.1
263,263,2024-12-13T18:39:22,3.85
170,246,2024-12-13T18:43:36,19.816666666666666
263,140,2024-12-13T18:54:22,10.0
140,238,2024-12-13T18:19:11,28.083333333333332
237,237,2024-12-13T18:23:37,4.716666666666667
231,125,2024-12-13T18:10:45,9.933333333333334
170,79,2024-12-13T18:42:50,13.95
107,107,2024-12-13T19:49:24,2.6166666666666667
143,143,2024-12-13T19:05:27,5.116666666666666
237,144,2024-12-13T19:34:48,32.61666666666667
229,237,2024-12-13T19:05:26,12.85
164,79,2024-12-13T19:51:20,26.433333333333334
137,211,2024-12-13T19:11:22,31.166666666666668
211,232,2024-12-13T19:51:19,22.2
238,223,2024-12-13T20:09:04,27.933333333333334
263,140,2024-12-13T20:06:55,3.9833333333333334
48,164,2024-12-13T20:49:50,11.133333333333333
148,256,2024-12-13T20:19:54,17.55
87,229,2024-12-13T20:17:34,24.516666666666666
234,79,2024-12-13T20:05:07,20.3
239,151,2024-12-13T20:39:26,5.816666666666666
262,166,2024-12-13T20:41:27,17.8
142,68,2024-12-13T20:32:47,19.516666666666666
236,237,2024-12-13T20:16:51,2.8833333333333333
48,237,2024-12-13T20:03:25,10.916666666666666
161,87,2024-12-13T21:14:08,36.46666666666667
236,236,2024-12-13T21:39:13,3.6333333333333333
236,236,2024-12-13T21:16:09,4.066666666666666
246,233,2024-12-13T21:10:11,27.35
229,239,2024-12-13T21:32:08,20.966666666666665
137,148,2024-12-13T21:41:48,17.516666666666666
107,7,2024-12-13T21:46:31,35.166666666666664
233,224,2024-12-13T21:58:32,12.333333333333334
107,137,2024-12-13T21:54:34,4.25
164,249,2024-12-13T21:15:30,10.583333333333334
48,230,2024-12-13T21:36:06,21.066666666666666
170,50,2024-12-13T21:46:51,23.25
107,141,2024-12-13T22:16:57,24.916666666666668
234,224,2024-12-13T22:21:38,11.5
114,142,2024-12-13T22:01:51,42.166666666666664
142,142,2024-12-13T22:14:24,2.7666666666666666
237,140,2024-12-13T22:50:34,8.9
164,230,2024-12-13T22:20:07,24.333333333333332
261,45,2024-12-13T22:49:17,14.433333333333334
79,107,2024-12-13T22:05:41,7.266666666666667
263,170,2024-12-13T22:47:22,13.183333333333334
163,79,2024-12-13T22:50:59,20.216666666666665
237,140,2024-12-13T22:35:32,6.85
107,140,2024-12-13T22:04:35,33.016666666666666
163,246,2024-12-13T22:37:59,12.783333333333333
132,232,2024-12-13T22:25:41,40.766666666666666
132,181,2024-12-13T22:08:04,47.083333333333336
141,236,2024-12-13T22:18:58,10.933333333333334
107,144,2024-12-13T23:22:31,11.65
142,233,2024-12-13T23:55:53,15.5
142,239,2024-12-13T23:33:19,4.433333333333334
233,163,2024-12-13T23:46:34,12.916666666666666
163,234,2024-12-13T23:33:58,13.416666666666666
229,237,2024-12-13T23:09:06,10.7
236,237,2024-12-13T23:17:40,5.716666666666667
161,231,2024-12-13T23:02:32,47.166666666666664
138,237,2024-12-13T23:03:52,17.9
87,234,2024-12-13T23:53:55,20.9
138,168,2024-12-13T23:36:50,14.4
138,260,2024-12-13T23:06:28,8.85
230,186,2024-12-13T23:58:44,27.6
170,234,2024-12-14T00:47:01,5.983333333333333
166,141,2024-12-14T00:10:36,16.633333333333333
164,236,2024-12-14T00:06:04,19.066666666666666
246,100,2024-12-14T00:31:48,8.966666666666667
114,161,2024-12-14T00:38:16,17.316666666666666
68,75,2024-12-14T00:20:43,28.283333333333335
239,238,2024-12-14T00:37:47,7.233333333333333
161,142,2024-12-14T00:41:20,7.55
161,107,2024-12-14T00:40:00,11.133333333333333
100,142,2024-12-14T00:31:50,20.016666666666666
230,249,2024-12-14T00:16:21,23.983333333333334
107,4,2024-12-14T01:48:56,10.116666666666667
113,263,2024-12-14T01:14:09,19.0
137,4,2024-12-14T01:06:39,8.55
114,141,2024-12-14T01:21:40,20.8
249,232,2024-12-14T00:53:18,16.966666666666665
144,263,2024-12-14T01:15:08,21.6
48,48,2024-12-14T02:31:37,2.6
249,90,2024-12-14T02:26:14,7.916666666666667
161,170,2024-12-14T03:44:15,1.0666666666666667
107,141,2024-12-14T03:34:31,10.316666666666666
125,231,2024-12-14T03:13:18,4.983333333333333
107,249,2024-12-14T03:50:06,12.616666666666667
249,234,2024-12-14T04:02:55,4.483333333333333
107,163,2024-12-14T05:08:41,2.8833333333333333
26,133,2024-12-14T05:09:50,6.7
132,107,2024-12-14T07:52:38,36.333333333333336
237,140,2024-12-14T08:46:50,6.15
141,141,2024-12-14T08:52:48,3.433333333333333
48,163,2024-12-14T08:33:02,3.316666666666667
93,237,2024-12-14T08:22:09,17.966666666666665
186,144,2024-12-14T09:38:22,13.8
230,211,2024-12-14T09:53:04,17.8
234,170,2024-12-14T09:55:33,2.8833333333333333
163,236,2024-12-14T09:56:50,11.883333333333333
132,233,2024-12-14T09:41:24,37.9
48,50,2024-12-14T09:50:35,6.966666666666667
75,236,2024-12-14T10:00:09,4.35
186,170,2024-12-14T10:33:11,10.366666666666667
100,48,2024-12-14T10:02:43,6.916666666666667
237,236,2024-12-14T10:15:55,4.65
164,88,2024-12-14T10:07:06,20.583333333333332
113,255,2024-12-14T10:41:49,16.366666666666667
237,161,2024-12-14T10:22:12,8.15
238,151,2024-12-14T10:21:23,6.816666666666666
249,249,2024-12-14T10:28:02,1.5
261,164,2024-12-14T10:52:28,21.05
48,229,2024-12-14T10:25:52,12.333333333333334
239,239,2024-12-14T10:54:17,6.6
43,113,2024-12-14T10:11:46,15.533333333333333
162,186,2024-12-14T11:27:29,13.266666666666667
119,74,2024-12-14T11:42:11,17.033333333333335
164,45,2024-12-14T11:41:15,17.966666666666665
41,142,2024-12-14T11:16:09,8.75
161,263,2024-12-14T11:56:00,15.683333333333334
43,140,2024-12-14T11:04:16,13.066666666666666
161,90,2024-12-14T11:38:18,18.333333333333332
48,164,2024-12-14T11:51:52,12.333333333333334
132,233,2024-12-14T11:20:38,39.75
234,79,2024-12-14T11:08:19,12.666666666666666
239,142,2024-12-14T11:29:41,7.65
238,143,2024-12-14T12:26:50,7.366666666666666
143,239,2024-12-14T12:19:58,6.266666666666667
234,113,2024-12-14T12:52:08,8.533333333333333
239,107,2024-12-14T12:27:56,37.88333333333333
164,186,2024-12-14T12:04:20,2.8833333333333333
68,162,2024-12-14T12:17:44,19.35
230,186,2024-12-14T12:17:48,15.7
239,238,2024-12-14T12:38:13,3.0
43,239,2024-12-14T12:30:34,9.883333333333333
142,239,2024-12-14T12:18:15,10.216666666666667
170,234,2024-12-14T12:54:54,10.316666666666666
107,107,2024-12-14T12:09:22,5.05
141,43,2024-12-14T12:21:33,10.483333333333333
234,142,2024-12-14T12:40:26,24.65
107,114,2024-12-14T12:19:07,13.666666666666666
166,236,2024-12-14T13:35:57,13.4
211,209,2024-12-14T13:09:26,12.9
262,262,2024-12-14T13:55:29,5.283333333333333
142,143,2024-12-14T13:51:21,3.9166666666666665
143,246,2024-12-14T13:25:26,10.933333333333334
230,238,2024-12-14T13:53:16,12.633333333333333
229,79,2024-12-14T13:34:40,23.6
163,224,2024-12-14T13:38:10,22.2
142,151,2024-12-14T13:52:42,11.15
90,230,2024-12-14T13:36:25,28.55
186,107,2024-12-14T13:22:56,20.166666666666668
42,167,2024-12-14T13:25:40,29.233333333333334
249,249,2024-12-14T13:47:05,41.416666666666664
138,87,2024-12-14T13:47:10,47.75
236,236,2024-12-14T14:40:42,4.733333333333333
144,164,2024-12-14T14:05:22,27.95
234,246,2024-12-14T14:56:09,13.616666666666667
234,68,2024-12-14T14:22:33,9.85
170,161,2024-12-14T14:00:07,17.683333333333334
163,233,2024-12-14T14:22:37,14.75
237,161,2024-12-14T14:28:25,10.1
239,239,2024-12-14T14:43:54,4.333333333333333
261,158,2024-12-14T14:13:09,6.516666666666667
163,170,2024-12-14T14:37:09,11.283333333333333
43,142,2024-12-14T14:32:12,10.85
144,50,2024-12-14T14:00:33,22.55
261,161,2024-12-14T14:05:33,30.883333333333333
114,148,2024-12-14T14:30:50,14.016666666666667
161,13,2024-12-14T15:34:59,35.61666666666667
231,211,2024-12-14T15:19:05,11.033333333333333
263,263,2024-12-14T15:42:13,1.9833333333333334
142,151,2024-12-14T15:44:47,10.466666666666667
236,43,2024-12-14T15:58:38,7.433333333333334
107,236,2024-12-14T15:51:05,29.566666666666666
237,236,2024-12-14T15:32:08,5.633333333333334
249,246,2024-12-14T15:29:24,18.65
239,166,2024-12-14T15:37:45,6.616666666666666
237,166,2024-12-14T15:12:05,14.2
90,144,2024-12-14T15:56:00,20.75
48,239,2024-12-14T15:47:33,7.85
142,255,2024-12-14T16:16:03,34.8
90,68,2024-12-14T16:01:50,26.4
237,236,2024-12-14T16:47:38,4.85
161,138,2024-12-14T16:22:11,28.633333333333333
151,166,2024-12-14T16:35:06,5.566666666666666
158,161,2024-12-14T16:42:05,39.36666666666667
163,236,2024-12-14T16:15:05,10.266666666666667
68,133,2024-12-14T16:03:36,42.083333333333336
68,234,2024-12-14T16:39:46,17.366666666666667
239,142,2024-12-14T16:23:14,9.416666666666666
239,238,2024-12-14T17:55:55,7.216666666666667
113,161,2024-12-14T17:41:35,18.566666666666666
239,161,2024-12-14T17:24:21,33.833333333333336
161,170,2024-12-14T17:55:35,17.966666666666665
161,170,2024-12-14T17:06:38,8.533333333333333
137,79,2024-12-14T17:30:41,14.616666666666667
237,143,2024-12-14T17:22:45,14.666666666666666
161,161,2024-12-14T17:05:37,11.45
239,162,2024-12-14T17:32:29,20.2
163,48,2024-12-14T17:44:35,17.333333333333332
107,107,2024-12-14T17:08:04,5.216666666666667
249,137,2024-12-14T17:39:00,17.166666666666668
90,113,2024-12-14T18:00:06,13.183333333333334
246,234,2024-12-14T18:14:20,18.1
79,234,2024-12-14T17:56:56,20.25
231,170,2024-12-14T18:34:13,29.483333333333334
79,234,2024-12-14T18:33:52,8.85
79,48,2024-12-14T18:26:38,37.88333333333333
158,97,2024-12-14T18:09:34,38.46666666666667
186,164,2024-12-14T18:08:37,11.416666666666666
237,236,2024-12-14T18:59:47,4.5
236,230,2024-12-14T18:17:46,35.38333333333333
141,88,2024-12-14T18:30:15,23.033333333333335
164,161,2024-12-14T18:40:36,21.6
229,163,2024-12-14T18:00:34,19.283333333333335
233,234,2024-12-14T18:43:22,14.533333333333333
239,142,2024-12-14T18:10:51,8.35
161,170,2024-12-14T18:12:20,15.8
137,224,2024-12-14T19:59:01,5.016666666666667
161,237,2024-12-14T19:08:08,22.016666666666666
142,43,2024-12-14T19:46:50,11.866666666666667
234,141,2024-12-14T19:25:36,31.266666666666666
48,43,2024-12-14T19:56:05,16.283333333333335
125,158,2024-12-14T19:29:52,4.016666666666667
229,237,2024-12-14T19:06:14,12.3
107,52,2024-12-14T19:31:54,20.133333333333333
114,211,2024-12-14T19:40:47,10.35
263,68,2024-12-14T20:08:25,46.43333333333333
148,262,2024-12-14T20:23:56,28.7
237,236,2024-12-14T20:28:45,6.3
90,68,2024-12-14T20:51:24,12.333333333333334
237,236,2024-12-14T20:17:55,7.1
231,233,2024-12-14T20:44:11,17.666666666666668
231,40,2024-12-14T20:22:26,12.433333333333334
107,90,2024-12-14T20:57:55,12.183333333333334
163,42,2024-12-14T20:45:53,29.083333333333332
170,233,2024-12-14T20:06:46,7.316666666666666
142,239,2024-12-14T20:54:57,8.383333333333333
237,246,2024-12-14T20:30:35,40.55
237,236,2024-12-14T20:49:29,10.9
229,261,2024-12-14T20:26:07,32.96666666666667
234,246,2024-12-14T20:59:26,8.666666666666666
236,137,2024-12-14T20:39:33,31.533333333333335
170,249,2024-12-14T20:37:43,19.966666666666665
132,129,2024-12-14T20:47:44,27.333333333333332
262,236,2024-12-14T20:07:27,6.166666666666667
234,230,2024-12-14T21:37:57,28.883333333333333
229,238,2024-12-14T21:57:09,20.933333333333334
239,238,2024-12-14T21:51:43,3.6666666666666665
141,229,2024-12-14T21:45:40,9.016666666666667
141,141,2024-12-14T21:14:36,7.9
140,140,2024-12-14T21:41:24,5.15
161,141,2024-12-14T21:52:23,22.15
79,140,2024-12-14T21:26:27,27.716666666666665
239,79,2024-12-14T22:01:58,38.71666666666667
234,249,2024-12-14T22:10:06,11.066666666666666
186,48,2024-12-14T22:30:40,37.81666666666667
230,236,2024-12-14T22:56:09,11.783333333333333
249,142,2024-12-14T22:42:55,25.566666666666666
43,142,2024-12-14T22:40:38,7.4
142,164,2024-12-14T22:45:35,28.683333333333334
125,234,2024-12-14T22:15:09,10.416666666666666
144,260,2024-12-14T22:05:36,33.05
114,90,2024-12-14T23:16:47,10.983333333333333
163,236,2024-12-14T23:21:12,11.5
43,68,2024-12-14T23:11:31,26.3
234,263,2024-12-14T23:47:20,28.116666666666667
141,231,2024-12-14T23:17:16,25.55
246,163,2024-12-14T23:27:39,24.816666666666666
48,236,2024-12-14T23:11:23,16.55
140,140,2024-12-14T23:39:23,4.95
144,234,2024-12-14T23:45:19,12.85
230,186,2024-12-14T23:53:43,12.433333333333334
132,230,2024-12-14T23:34:24,62.95
249,231,2024-12-14T23:25:33,15.533333333333333
230,263,2024-12-14T23:40:29,15.833333333333334
113,142,2024-12-14T22:57:57,53.983333333333334
249,246,2024-12-15T00:01:10,8.3
68,239,2024-12-15T00:30:48,44.21666666666667
68,48,2024-12-15T00:22:25,36.11666666666667
88,228,2024-12-15T00:00:49,33.71666666666667
41,238,2024-12-15T00:15:22,8.116666666666667
234,158,2024-12-15T00:11:50,8.966666666666667
246,238,2024-12-15T00:29:53,29.033333333333335
79,148,2024-12-15T00:18:05,10.833333333333334
162,209,2024-12-15T00:01:10,25.816666666666666
249,246,2024-12-15T00:55:01,4.933333333333334
48,48,2024-12-15T01:13:45,4.466666666666667
107,79,2024-12-15T01:37:32,6.116666666666666
162,164,2024-12-15T01:43:20,3.6333333333333333
164,144,2024-12-15T01:54:41,12.716666666666667
107,170,2024-12-15T01:12:40,5.333333333333333
164,48,2024-12-15T01:56:01,7.15
231,79,2024-12-15T01:17:02,14.916666666666666
107,209,2024-12-15T01:35:08,15.833333333333334
148,125,2024-12-15T01:55:45,12.0
33,33,2024-12-15T01:36:07,1.4
148,181,2024-12-15T02:43:21,15.666666666666666
79,74,2024-12-15T02:54:37,18.033333333333335
107,249,2024-12-15T02:00:10,9.216666666666667
231,158,2024-12-15T02:09:47,6.55
100,90,2024-12-15T02:50:21,4.516666666666667
164,181,2024-12-15T03:18:47,17.733333333333334
68,90,2024-12-15T03:08:20,4.966666666666667
107,137,2024-12-15T04:23:29,2.8833333333333333
211,148,2024-12-15T04:11:15,7.3
237,138,2024-12-15T05:53:57,23.55
148,144,2024-12-15T06:05:29,4.033333333333333
37,85,2024-12-15T07:48:57,35.81666666666667
114,37,2024-12-15T07:09:25,20.366666666666667
230,138,2024-12-15T07:35:20,26.483333333333334
134,216,2024-12-15T07:25:51,3.966666666666667
162,161,2024-12-15T08:49:05,5.066666666666666
90,50,2024-12-15T08:06:28,11.016666666666667
74,223,2024-12-15T08:41:32,10.45
170,148,2024-12-15T08:28:31,11.066666666666666
186,170,2024-12-15T08:43:27,8.75
236,74,2024-12-15T09:49:10,5.45
138,260,2024-12-15T09:51:58,9.766666666666667
114,113,2024-12-15T11:15:15,6.616666666666666
162,186,2024-12-15T11:01:42,12.15
231,234,2024-12-15T11:42:34,11.616666666666667
43,230,2024-12-15T11:06:01,13.866666666666667
237,45,2024-12-15T12:39:08,22.383333333333333
186,132,2024-12-15T12:53:30,55.85
246,148,2024-12-15T12:17:52,18.55
151,238,2024-12-15T12:08:51,5.316666666666666
186,164,2024-12-15T12:01:09,24.833333333333332
238,143,2024-12-15T13:20:58,6.833333333333333
141,239,2024-12-15T13:32:11,12.0
100,141,2024-12-15T13:49:14,18.3
48,68,2024-12-15T13:36:18,10.683333333333334
142,158,2024-12-15T13:41:30,20.683333333333334
236,237,2024-12-15T13:19:26,12.8
239,43,2024-12-15T13:32:53,7.266666666666667
79,234,2024-12-15T13:33:51,8.866666666666667
246,186,2024-12-15T13:10:48,12.316666666666666
163,236,2024-12-15T13:45:14,12.183333333333334
41,20,2024-12-15T13:09:36,41.9
132,158,2024-12-15T13:20:09,59.983333333333334
230,243,2024-12-15T13:51:48,25.15
141,166,2024-12-15T14:48:35,15.8
236,239,2024-12-15T14:44:40,8.15
79,170,2024-12-15T14:14:54,11.583333333333334
142,238,2024-12-15T14:31:21,9.383333333333333
142,238,2024-12-15T14:37:17,11.566666666666666
225,56,2024-12-15T14:09:43,42.53333333333333
186,144,2024-12-15T14:06:37,34.35
43,142,2024-12-15T14:20:05,18.6
107,137,2024-12-15T15:32:49,1.65
186,237,2024-12-15T15:45:47,21.5
142,249,2024-12-15T15:56:50,25.316666666666666
43,166,2024-12-15T15:10:22,9.083333333333334
236,239,2024-12-15T15:56:51,10.866666666666667
161,125,2024-12-15T15:27:42,28.5
236,237,2024-12-15T15:33:33,6.3
33,148,2024-12-15T15:40:30,34.8
140,236,2024-12-15T15:06:03,9.75
100,48,2024-12-15T15:26:45,23.116666666666667
132,169,2024-12-15T15:54:33,66.21666666666667
230,211,2024-12-15T15:33:04,27.916666666666668
138,141,2024-12-15T16:37:25,33.88333333333333
236,263,2024-12-15T16:50:44,3.3666666666666667
233,262,2024-12-15T16:20:31,13.233333333333333
237,163,2024-12-15T16:50:06,12.083333333333334
79,79,2024-12-15T16:37:06,5.6
138,239,2024-12-15T16:24:02,41.71666666666667
162,138,2024-12-15T16:30:29,24.566666666666666
132,138,2024-12-15T16:08:12,33.483333333333334
216,21,2024-12-15T16:59:56,45.6
142,143,2024-12-15T16:39:19,6.766666666666667
161,237,2024-12-15T17:32:06,9.833333333333334
162,132,2024-12-15T17:31:42,61.96666666666667
107,234,2024-12-15T17:50:56,4.666666666666667
68,170,2024-12-15T17:36:29,17.6
170,188,2024-12-15T17:56:49,38.06666666666667
238,238,2024-12-15T17:35:42,5.466666666666667
142,161,2024-12-15T17:52:01,20.316666666666666
163,162,2024-12-15T17:01:42,15.983333333333333
246,246,2024-12-15T18:29:08,10.3
162,141,2024-12-15T18:47:03,8.016666666666667
161,234,2024-12-15T18:23:38,9.15
246,249,2024-12-15T18:55:56,17.233333333333334
162,234,2024-12-15T18:26:05,13.216666666666667
231,87,2024-12-15T18:08:18,4.75
113,234,2024-12-15T18:28:04,7.433333333333334
239,142,2024-12-15T18:22:04,7.45
90,186,2024-12-15T18:21:38,3.3666666666666667
239,238,2024-12-15T19:18:36,5.383333333333334
142,239,2024-12-15T19:27:47,7.166666666666667
234,170,2024-12-15T19:37:47,5.883333333333334
107,230,2024-12-15T19:27:25,27.45
161,125,2024-12-15T19:03:57,34.05
132,107,2024-12-15T19:43:44,49.06666666666667
132,170,2024-12-15T19:15:30,54.1
7,179,2024-12-15T20:03:38,4.333333333333333
161,262,2024-12-15T20:41:22,15.333333333333334
162,164,2024-12-15T20:36:09,17.05
132,249,2024-12-15T20:41:14,41.4
162,186,2024-12-15T20:39:25,7.95
68,231,2024-12-15T20:25:52,12.266666666666667
170,230,2024-12-15T20:21:03,12.75
50,100,2024-12-15T20:21:14,4.3
162,246,2024-12-15T20:02:02,13.45
239,141,2024-12-15T20:38:53,12.266666666666667
246,249,2024-12-15T21:48:00,7.633333333333334
88,68,2024-12-15T21:23:17,14.283333333333333
170,239,2024-12-15T21:20:13,30.15
132,145,2024-12-15T21:48:25,34.55
79,114,2024-12-15T21:02:05,8.483333333333333
132,80,2024-12-15T21:41:36,32.5
132,229,2024-12-15T21:22:22,43.15
48,233,2024-12-15T21:28:39,16.25
142,41,2024-12-15T22:39:46,13.95
162,79,2024-12-15T22:42:50,10.683333333333334
50,161,2024-12-15T22:15:48,13.116666666666667
229,161,2024-12-15T22:49:52,8.35
142,48,2024-12-15T22:18:15,3.95
132,215,2024-12-15T22:53:53,10.85
132,154,2024-12-15T22:35:26,14.583333333333334
234,48,2024-12-15T22:49:18,10.0
132,85,2024-12-15T22:42:59,33.416666666666664
79,114,2024-12-15T23:31:25,7.066666666666666
233,144,2024-12-15T23:07:33,9.8
138,170,2024-12-15T23:06:48,19.2
249,249,2024-12-16T00:41:52,1.65
132,180,2024-12-16T00:43:11,11.033333333333333
100,233,2024-12-16T02:57:47,7.8
249,50,2024-12-16T04:34:47,9.1
140,137,2024-12-16T06:18:24,8.433333333333334
107,170,2024-12-16T06:27:20,9.533333333333333
137,138,2024-12-16T06:01:14,15.45
164,162,2024-12-16T07:54:05,7.916666666666667
249,231,2024-12-16T07:10:47,9.816666666666666
233,164,2024-12-16T07:48:56,7.0
238,41,2024-12-16T07:42:04,13.216666666666667
162,238,2024-12-16T07:53:53,23.383333333333333
246,79,2024-12-16T07:39:18,16.783333333333335
142,236,2024-12-16T07:19:55,12.7
141,233,2024-12-16T08:12:38,8.933333333333334
142,162,2024-12-16T08:17:38,17.45
68,161,2024-12-16T08:44:20,8.333333333333334
229,236,2024-12-16T08:13:33,20.7
161,100,2024-12-16T08:31:26,9.316666666666666
158,249,2024-12-16T08:44:43,3.4833333333333334
186,230,2024-12-16T10:02:39,17.833333333333332
138,88,2024-12-16T10:52:57,37.55
70,79,2024-12-16T10:54:51,37.9
263,141,2024-12-16T10:16:30,9.983333333333333
186,68,2024-12-16T10:52:44,8.0
237,237,2024-12-16T10:53:40,13.116666666666667
161,237,2024-12-16T10:48:22,10.283333333333333
132,191,2024-12-16T10:04:07,24.266666666666666
236,163,2024-12-16T11:40:08,19.933333333333334
236,236,2024-12-16T11:54:44,5.666666666666667
161,239,2024-12-16T10:54:01,27.116666666666667
239,239,2024-12-16T11:12:35,3.9166666666666665
186,75,2024-12-16T11:33:12,36.45
162,261,2024-12-16T11:51:00,19.4
234,230,2024-12-16T12:56:12,29.383333333333333
237,48,2024-12-16T12:32:01,26.683333333333334
239,233,2024-12-16T12:21:35,34.63333333333333
50,142,2024-12-16T12:55:55,6.85
246,125,2024-12-16T12:41:07,15.55
161,233,2024-12-16T12:56:28,21.7
119,244,2024-12-16T12:25:29,24.516666666666666
186,50,2024-12-16T12:50:35,26.416666666666668
17,244,2024-12-16T12:16:02,84.01666666666667
186,231,2024-12-16T12:04:30,17.933333333333334
113,90,2024-12-16T13:44:55,7.7
239,163,2024-12-16T13:23:41,13.316666666666666
236,236,2024-12-16T13:06:56,5.4
263,262,2024-12-16T13:51:02,3.6166666666666667
234,236,2024-12-16T13:55:39,29.816666666666666
161,186,2024-12-16T13:40:57,30.0
236,238,2024-12-16T13:48:51,5.216666666666667
90,186,2024-12-16T14:29:26,6.466666666666667
170,186,2024-12-16T14:43:58,12.883333333333333
249,211,2024-12-16T14:40:35,7.65
246,238,2024-12-16T14:09:19,26.383333333333333
141,229,2024-12-16T14:35:12,24.7
138,170,2024-12-16T14:49:38,29.483333333333334
170,170,2024-12-16T14:42:55,17.383333333333333
4,137,2024-12-16T14:58:16,53.1
140,262,2024-12-16T14:25:31,9.816666666666666
164,138,2024-12-16T15:22:06,41.6
166,216,2024-12-16T15:44:04,93.41666666666667
238,143,2024-12-16T15:26:26,10.166666666666666
140,229,2024-12-16T15:19:11,14.216666666666667
234,113,2024-12-16T15:41:59,9.616666666666667
237,141,2024-12-16T15:17:38,8.116666666666667
141,161,2024-12-16T15:29:13,40.35
100,249,2024-12-16T15:33:37,4.683333333333334
237,237,2024-12-16T15:49:58,6.016666666666667
170,137,2024-12-16T15:01:47,2.3
237,237,2024-12-16T15:26:41,4.916666666666667
162,170,2024-12-16T15:09:35,18.2
246,161,2024-12-16T15:43:43,25.6
230,1,2024-12-16T15:36:22,55.81666666666667
238,143,2024-12-16T16:10:32,22.683333333333334
88,246,2024-12-16T16:22:20,25.75
237,236,2024-12-16T16:16:11,7.2
237,163,2024-12-16T16:11:28,9.533333333333333
164,113,2024-12-16T16:25:19,10.4
229,100,2024-12-16T16:17:59,23.216666666666665
229,43,2024-12-16T16:07:43,21.116666666666667
238,236,2024-12-16T16:17:14,10.466666666666667
230,140,2024-12-16T16:44:37,38.63333333333333
236,229,2024-12-16T16:39:44,17.85
113,236,2024-12-16T16:36:34,45.35
161,43,2024-12-16T16:03:00,7.433333333333334
132,196,2024-12-16T16:02:22,48.15
142,142,2024-12-16T16:11:06,7.0
230,163,2024-12-16T17:43:40,1.2833333333333334
237,50,2024-12-16T17:11:42,21.966666666666665
138,131,2024-12-16T17:29:33,36.75
238,142,2024-12-16T17:46:23,7.616666666666666
125,113,2024-12-16T17:23:58,6.35
162,141,2024-12-16T17:16:51,21.95
239,75,2024-12-16T17:35:39,9.633333333333333
229,141,2024-12-16T17:27:42,11.783333333333333
263,162,2024-12-16T17:08:55,17.666666666666668
132,125,2024-12-16T17:47:48,72.35
186,233,2024-12-16T18:48:13,13.866666666666667
170,224,2024-12-16T18:32:52,11.9
161,229,2024-12-16T18:34:29,8.166666666666666
137,233,2024-12-16T18:22:36,4.316666666666666
236,161,2024-12-16T18:43:03,17.883333333333333
79,211,2024-12-16T18:40:33,8.983333333333333
237,75,2024-12-16T18:02:31,11.75
151,237,2024-12-16T18:04:15,21.883333333333333
246,255,2024-12-16T18:10:43,31.616666666666667
48,50,2024-12-16T18:55:59,3.5
236,143,2024-12-16T19:29:59,14.8
246,262,2024-12-16T19:04:42,25.0
163,143,2024-12-16T19:56:01,4.816666666666666
144,140,2024-12-16T19:47:36,17.566666666666666
162,142,2024-12-16T19:39:45,14.216666666666667
142,144,2024-12-16T19:19:49,29.783333333333335
163,234,2024-12-16T19:13:07,15.183333333333334
230,90,2024-12-16T19:24:20,14.833333333333334
164,90,2024-12-16T20:01:54,6.633333333333334
142,163,2024-12-16T20:44:01,8.95
238,143,2024-12-16T20:36:48,10.016666666666667
162,236,2024-12-16T20:22:40,10.3
236,41,2024-12-16T20:13:20,16.416666666666668
237,229,2024-12-16T20:55:16,6.933333333333334
138,230,2024-12-16T20:56:48,26.033333333333335
186,125,2024-12-16T20:21:43,9.05
138,238,2024-12-16T20:42:05,26.516666666666666
148,162,2024-12-16T20:21:30,13.883333333333333
68,170,2024-12-16T20:19:16,8.083333333333334
161,170,2024-12-16T20:11:34,8.333333333333334
262,237,2024-12-16T20:11:50,6.716666666666667
48,142,2024-12-16T21:32:41,9.416666666666666
162,237,2024-12-16T21:52:59,5.35
163,141,2024-12-16T21:47:13,11.2
161,236,2024-12-16T21:09:05,10.6
164,164,2024-12-16T21:37:34,4.833333333333333
163,141,2024-12-16T21:56:21,8.233333333333333
142,75,2024-12-16T21:54:41,10.233333333333333
170,80,2024-12-16T21:45:56,17.5
144,181,2024-12-16T21:14:36,19.433333333333334
164,229,2024-12-16T21:15:49,11.15
48,48,2024-12-16T21:27:38,2.1333333333333333
87,79,2024-12-16T21:24:20,13.1
132,132,2024-12-16T21:41:46,2.316666666666667
236,239,2024-12-16T21:13:57,10.566666666666666
209,164,2024-12-16T21:26:34,19.466666666666665
238,90,2024-12-16T22:56:12,18.533333333333335
234,158,2024-12-16T22:31:33,11.216666666666667
132,197,2024-12-16T22:47:04,14.25
114,141,2024-12-16T22:46:12,23.716666666666665
229,231,2024-12-16T22:56:04,20.716666666666665
234,249,2024-12-16T22:10:21,5.933333333333334
132,234,2024-12-16T22:29:06,36.96666666666667
138,70,2024-12-16T22:31:24,7.383333333333334
107,74,2024-12-16T23:38:50,17.133333333333333
107,48,2024-12-16T23:34:13,12.583333333333334
141,141,2024-12-16T23:15:57,4.9
234,142,2024-12-16T23:04:46,21.133333333333333
132,39,2024-12-16T23:39:51,26.516666666666666
90,158,2024-12-17T00:32:23,1.6333333333333333
48,61,2024-12-17T04:27:42,30.85
186,162,2024-12-17T06:31:38,9.433333333333334
162,141,2024-12-17T06:53:12,5.916666666666667
132,49,2024-12-17T06:12:59,54.21666666666667
161,237,2024-12-17T07:08:10,4.433333333333334
107,137,2024-12-17T07:18:08,4.25
125,230,2024-12-17T07:49:05,20.5
43,236,2024-12-17T07:44:18,3.6
43,236,2024-12-17T08:21:21,8.65
236,140,2024-12-17T08:55:54,18.216666666666665
233,162,2024-12-17T08:12:14,6.933333333333334
237,50,2024-12-17T08:41:58,11.616666666666667
140,161,2024-12-17T08:14:25,12.916666666666666
161,230,2024-12-17T08:36:27,7.033333333333333
237,236,2024-12-17T08:43:38,8.366666666666667
233,141,2024-12-17T09:38:05,21.233333333333334
163,13,2024-12-17T09:12:27,33.766666666666666
90,132,2024-12-17T09:05:50,57.516666666666666
239,237,2024-12-17T09:39:24,13.55
138,229,2024-12-17T09:39:06,34.9
237,161,2024-12-17T09:00:11,10.066666666666666
113,231,2024-12-17T09:07:28,15.25
239,142,2024-12-17T09:25:26,2.35
100,230,2024-12-17T09:15:22,4.5
50,136,2024-12-17T09:07:55,29.666666666666668
229,161,2024-12-17T09:51:26,19.366666666666667
236,163,2024-12-17T10:30:19,11.233333333333333
162,211,2024-12-17T10:41:30,22.633333333333333
162,170,2024-12-17T10:51:19,4.733333333333333
161,170,2024-12-17T10:49:15,6.266666666666667
231,186,2024-12-17T10:15:06,22.066666666666666
229,137,2024-12-17T10:07:24,20.516666666666666
237,161,2024-12-17T10:10:13,13.7
236,236,2024-12-17T10:11:21,2.2
186,170,2024-12-17T10:30:11,8.816666666666666
75,263,2024-12-17T11:56:17,12.083333333333334
186,230,2024-12-17T11:06:38,19.616666666666667
238,236,2024-12-17T11:38:25,26.266666666666666
140,237,2024-12-17T11:24:27,23.45
230,161,2024-12-17T11:59:46,16.1
237,238,2024-12-17T11:40:53,29.683333333333334
170,170,2024-12-17T11:03:23,7.616666666666666
236,162,2024-12-17T12:47:39,16.083333333333332
239,238,2024-12-17T12:43:33,6.333333333333333
246,162,2024-12-17T12:49:48,38.56666666666667
237,125,2024-12-17T12:55:54,44.38333333333333
170,236,2024-12-17T12:03:52,25.033333333333335
43,237,2024-12-17T12:21:38,18.266666666666666
79,107,2024-12-17T12:20:00,1.9333333333333333
142,162,2024-12-17T12:57:21,20.683333333333334
230,161,2024-12-17T12:14:52,12.65
170,163,2024-12-17T12:06:11,20.016666666666666
87,246,2024-12-17T13:25:06,26.9
138,231,2024-12-17T13:28:43,49.516666666666666
233,88,2024-12-17T13:32:56,16.9
79,234,2024-12-17T13:23:48,10.333333333333334
263,43,2024-12-17T13:25:17,9.766666666666667
48,230,2024-12-17T13:18:49,27.066666666666666
163,125,2024-12-17T13:19:48,29.2
261,163,2024-12-17T13:50:11,38.28333333333333
164,90,2024-12-17T14:17:50,11.1
236,237,2024-12-17T14:19:10,13.0
237,161,2024-12-17T14:01:14,11.783333333333333
163,164,2024-12-17T14:50:18,22.15
162,237,2024-12-17T14:16:55,12.3
68,163,2024-12-17T14:19:32,25.816666666666666
163,263,2024-12-17T14:14:06,12.45
233,236,2024-12-17T14:03:51,24.183333333333334
43,233,2024-12-17T14:50:26,27.066666666666666
170,236,2024-12-17T15:02:42,21.366666666666667
161,43,2024-12-17T15:37:33,19.35
68,230,2024-12-17T15:53:24,21.15
90,234,2024-12-17T15:36:51,8.016666666666667
162,141,2024-12-17T15:28:44,16.433333333333334
234,246,2024-12-17T15:37:49,13.483333333333333
162,234,2024-12-17T16:06:46,16.283333333333335
237,229,2024-12-17T16:52:28,10.05
137,186,2024-12-17T16:15:59,37.63333333333333
90,249,2024-12-17T16:48:03,3.0
162,112,2024-12-17T16:18:03,18.85
249,261,2024-12-17T16:46:51,16.1
163,238,2024-12-17T16:25:07,22.766666666666666
113,231,2024-12-17T16:23:53,13.666666666666666
161,249,2024-12-17T16:32:16,35.7
234,211,2024-12-17T16:02:56,12.35
151,24,2024-12-17T16:39:09,5.033333333333333
48,19,2024-12-17T16:55:11,78.36666666666666
170,68,2024-12-17T16:22:48,20.833333333333332
68,127,2024-12-17T17:33:32,46.88333333333333
140,48,2024-12-17T17:23:20,22.033333333333335
234,66,2024-12-17T17:56:33,31.6
163,141,2024-12-17T17:37:34,8.333333333333334
161,234,2024-12-17T17:53:17,18.45
163,68,2024-12-17T17:19:05,17.833333333333332
230,43,2024-12-17T17:14:13,10.483333333333333
43,142,2024-12-17T17:52:34,7.75
237,262,2024-12-17T17:50:58,7.333333333333333
236,163,2024-12-17T17:10:10,15.066666666666666
238,143,2024-12-17T17:13:24,11.633333333333333
161,140,2024-12-17T17:10:12,19.166666666666668
113,237,2024-12-17T17:17:02,44.833333333333336
229,237,2024-12-17T17:56:16,15.0
262,236,2024-12-17T17:32:31,5.316666666666666
132,107,2024-12-17T18:01:26,53.46666666666667
211,114,2024-12-17T18:20:08,6.55
170,137,2024-12-17T18:03:17,6.866666666666666
237,140,2024-12-17T18:12:44,5.666666666666667
237,74,2024-12-17T18:01:11,11.9
231,229,2024-12-17T18:46:03,23.016666666666666
231,246,2024-12-17T18:59:58,12.283333333333333
163,239,2024-12-17T18:43:19,7.666666666666667
263,75,2024-12-17T18:48:23,7.916666666666667
163,142,2024-12-17T18:13:23,12.016666666666667
161,43,2024-12-17T18:26:22,8.016666666666667
79,164,2024-12-17T19:41:50,17.016666666666666
43,162,2024-12-17T19:21:05,18.933333333333334
186,107,2024-12-17T19:42:53,7.016666666666667
246,230,2024-12-17T19:35:18,15.966666666666667
100,249,2024-12-17T19:58:51,11.4
107,148,2024-12-17T19:52:55,11.3
161,68,2024-12-17T20:54:34,15.716666666666667
163,142,2024-12-17T20:44:56,8.583333333333334
90,137,2024-12-17T20:59:22,9.9
132,124,2024-12-17T20:17:04,5.666666666666667
161,230,2024-12-17T20:57:16,11.283333333333333
211,261,2024-12-17T20:53:37,5.95
237,48,2024-12-17T20:32:55,26.733333333333334
79,162,2024-12-17T20:51:13,11.516666666666667
163,170,2024-12-17T20:32:03,22.2
162,162,2024-12-17T20:53:57,5.55
113,181,2024-12-17T21:19:05,28.5
181,133,2024-12-17T21:57:56,13.4
125,137,2024-12-17T21:15:14,13.316666666666666
170,97,2024-12-17T21:44:43,21.483333333333334
138,148,2024-12-17T21:59:06,18.583333333333332
164,140,2024-12-17T21:18:36,8.5
237,143,2024-12-17T21:25:54,11.533333333333333
161,90,2024-12-17T21:18:32,17.483333333333334
142,238,2024-12-17T21:46:56,4.083333333333333
137,181,2024-12-17T21:28:54,31.816666666666666
186,137,2024-12-17T21:46:53,20.616666666666667
230,239,2024-12-17T21:08:26,12.733333333333333
234,113,2024-12-17T22:22:18,3.6333333333333333
163,24,2024-12-17T22:38:01,14.533333333333333
68,262,2024-12-17T22:04:05,32.3
90,236,2024-12-17T22:43:06,22.2
162,87,2024-12-17T22:23:03,19.2
107,137,2024-12-17T22:27:41,7.416666666666667
237,262,2024-12-17T22:29:24,9.866666666666667
138,68,2024-12-17T22:00:21,24.15
237,186,2024-12-17T22:30:06,18.716666666666665
249,239,2024-12-17T23:12:45,24.833333333333332
148,79,2024-12-17T23:00:02,7.683333333333334
170,234,2024-12-17T23:31:13,5.266666666666667
90,144,2024-12-17T23:18:57,9.933333333333334
48,249,2024-12-17T23:51:46,13.666666666666666
132,180,2024-12-17T23:54:08,5.716666666666667
239,151,2024-12-18T00:14:02,5.85
48,239,2024-12-18T00:42:57,6.583333333333333
170,164,2024-12-18T00:17:47,22.783333333333335
137,144,2024-12-18T00:01:11,10.333333333333334
87,79,2024-12-18T00:36:13,10.8
132,159,2024-12-18T02:02:17,32.63333333333333
249,45,2024-12-18T02:04:44,9.216666666666667
238,230,2024-12-18T06:25:05,9.35
162,161,2024-12-18T06:44:16,3.1666666666666665
234,161,2024-12-18T07:39:55,5.35
141,233,2024-12-18T07:21:37,8.7
236,138,2024-12-18T07:52:21,22.283333333333335
186,234,2024-12-18T08:18:48,5.483333333333333
238,239,2024-12-18T08:47:36,6.783333333333333
239,109,2024-12-18T08:32:22,69.03333333333333
48,162,2024-12-18T08:43:03,18.966666666666665
90,164,2024-12-18T08:03:35,3.15
161,246,2024-12-18T08:48:44,13.3
238,239,2024-12-18T08:26:59,9.05
107,244,2024-12-18T08:15:49,42.61666666666667
90,230,2024-12-18T08:45:20,15.916666666666666
186,234,2024-12-18T08:24:22,10.9
60,71,2024-12-18T08:12:32,130.55
237,162,2024-12-18T08:37:05,4.683333333333334
237,262,2024-12-18T09:57:07,9.083333333333334
239,142,2024-12-18T09:51:37,6.566666666666666
138,88,2024-12-18T09:48:32,40.233333333333334
239,239,2024-12-18T09:28:43,3.0833333333333335
45,114,2024-12-18T10:38:49,11.733333333333333
113,137,2024-12-18T10:32:46,9.9
236,238,2024-12-18T10:26:18,16.516666666666666
239,239,2024-12-18T10:06:12,9.783333333333333
163,68,2024-12-18T10:11:46,35.666666666666664
162,137,2024-12-18T10:17:45,8.15
162,234,2024-12-18T10:00:45,19.45
12,246,2024-12-18T11:33:47,31.733333333333334
113,230,2024-12-18T11:13:20,36.416666666666664
141,263,2024-12-18T11:43:17,6.833333333333333
162,186,2024-12-18T11:27:54,30.183333333333334
138,237,2024-12-18T12:51:08,32.416666666666664
237,236,2024-12-18T12:26:51,7.166666666666667
262,263,2024-12-18T12:58:07,9.066666666666666
237,170,2024-12-18T12:45:34,26.4
186,158,2024-12-18T12:08:30,11.616666666666667
238,43,2024-12-18T12:22:14,28.75
233,164,2024-12-18T12:19:17,14.2
132,164,2024-12-18T12:34:08,70.73333333333333
107,79,2024-12-18T13:49:45,7.733333333333333
237,107,2024-12-18T13:11:25,23.8
170,238,2024-12-18T13:21:24,39.233333333333334
237,161,2024-12-18T13:53:01,22.983333333333334
233,114,2024-12-18T13:04:19,16.033333333333335
186,161,2024-12-18T13:32:53,36.95
68,90,2024-12-18T13:54:43,3.7
161,211,2024-12-18T13:02:47,24.283333333333335
162,211,2024-12-18T13:52:54,18.55
132,138,2024-12-18T14:22:01,37.45
239,236,2024-12-18T14:02:13,10.883333333333333
13,144,2024-12-18T14:04:02,19.016666666666666
170,137,2024-12-18T14:03:36,4.216666666666667
236,236,2024-12-18T14:23:07,3.3666666666666667
186,48,2024-12-18T14:53:37,12.833333333333334
236,237,2024-12-18T14:16:46,15.283333333333333
138,164,2024-12-18T14:28:51,36.65
113,144,2024-12-18T14:58:48,5.183333333333334
161,236,2024-12-18T15:16:30,21.05
43,236,2024-12-18T15:21:49,4.966666666666667
100,170,2024-12-18T15:59:43,11.95
170,170,2024-12-18T15:59:06,11.383333333333333
236,236,2024-12-18T15:02:47,2.933333333333333
163,237,2024-12-18T15:44:12,10.683333333333334
138,181,2024-12-18T15:55:18,66.75
143,246,2024-12-18T15:33:04,17.116666666666667
132,255,2024-12-18T15:50:29,57.38333333333333
236,237,2024-12-18T15:35:14,18.25
132,138,2024-12-18T15:46:46,46.4
170,162,2024-12-18T16:03:11,16.016666666666666
236,236,2024-12-18T16:43:17,4.45
238,75,2024-12-18T16:35:41,5.3
230,161,2024-12-18T16:50:46,19.016666666666666
140,229,2024-12-18T16:50:07,17.766666666666666
234,68,2024-12-18T16:42:37,10.933333333333334
230,237,2024-12-18T16:42:43,26.4
236,236,2024-12-18T17:54:35,8.65
132,230,2024-12-18T17:04:34,81.4
162,141,2024-12-18T17:02:11,10.633333333333333
239,243,2024-12-18T17:32:11,37.75
144,48,2024-12-18T17:26:57,53.68333333333333
162,68,2024-12-18T17:28:51,23.65
170,224,2024-12-18T17:31:42,10.166666666666666
164,79,2024-12-18T17:35:42,21.0
237,236,2024-12-18T17:15:54,5.15
162,50,2024-12-18T17:38:15,15.9
239,238,2024-12-18T17:41:27,3.8833333333333333
141,142,2024-12-18T17:29:41,14.8
151,75,2024-12-18T17:24:07,10.783333333333333
162,164,2024-12-18T17:38:18,32.96666666666667
237,262,2024-12-18T17:51:32,13.4
50,163,2024-12-18T18:37:17,9.733333333333333
68,230,2024-12-18T18:13:58,14.583333333333334
114,68,2024-12-18T18:06:41,20.85
138,237,2024-12-18T18:18:32,49.3
234,232,2024-12-18T18:18:09,16.05
236,236,2024-12-18T18:52:45,3.6
100,230,2024-12-18T18:46:21,30.7
236,236,2024-12-18T18:06:18,2.783333333333333
239,142,2024-12-18T18:52:22,4.316666666666666
141,141,2024-12-18T18:25:36,3.5
164,164,2024-12-18T18:24:12,11.3
24,151,2024-12-18T18:53:13,4.366666666666666
141,140,2024-12-18T18:36:57,7.166666666666667
143,142,2024-12-18T18:56:11,4.183333333333334
107,233,2024-12-18T19:05:30,5.9
162,162,2024-12-18T19:10:57,3.35
161,141,2024-12-18T19:35:26,10.35
151,263,2024-12-18T19:27:35,8.2
249,68,2024-12-18T19:36:01,9.5
141,162,2024-12-18T19:39:20,9.45
162,170,2024-12-18T19:13:51,20.316666666666666
144,239,2024-12-18T19:52:49,39.85
107,137,2024-12-18T19:12:21,8.583333333333334
158,170,2024-12-18T19:01:52,17.466666666666665
13,87,2024-12-18T19:13:29,10.8
75,75,2024-12-18T19:10:09,6.033333333333333
237,239,2024-12-18T19:32:07,11.866666666666667
239,42,2024-12-18T20:44:14,14.283333333333333
132,162,2024-12-18T20:32:32,45.18333333333333
249,125,2024-12-18T20:24:43,8.516666666666667
132,164,2024-12-18T20:18:37,44.03333333333333
114,237,2024-12-18T20:37:36,39.666666666666664
158,79,2024-12-18T20:12:07,16.883333333333333
249,186,2024-12-18T21:10:57,14.233333333333333
234,231,2024-12-18T21:17:05,10.7
143,237,2024-12-18T21:00:16,5.666666666666667
90,143,2024-12-18T21:15:02,18.566666666666666
68,107,2024-12-18T21:03:44,13.633333333333333
246,113,2024-12-18T21:55:06,13.966666666666667
237,143,2024-12-18T21:03:22,9.566666666666666
161,107,2024-12-18T21:52:18,17.2
230,161,2024-12-18T21:38:42,13.516666666666667
263,141,2024-12-18T21:20:31,4.533333333333333
236,137,2024-12-18T21:39:05,29.166666666666668
186,170,2024-12-18T21:23:53,11.3
163,262,2024-12-18T21:40:13,13.65
79,42,2024-12-18T21:28:19,37.45
161,107,2024-12-18T22:28:54,9.35
162,79,2024-12-18T22:12:43,21.666666666666668
142,41,2024-12-18T22:50:39,13.016666666666667
161,90,2024-12-18T22:36:42,16.883333333333333
236,140,2024-12-18T22:34:17,3.8
142,140,2024-12-18T22:47:46,12.166666666666666
161,97,2024-12-18T22:00:08,31.716666666666665
162,186,2024-12-18T22:25:19,35.78333333333333
162,237,2024-12-18T22:07:53,10.083333333333334
164,170,2024-12-18T23:21:54,5.15
263,66,2024-12-18T23:44:24,24.2
79,224,2024-12-18T23:13:26,5.833333333333333
151,236,2024-12-18T23:01:31,9.716666666666667
230,137,2024-12-18T23:29:27,13.066666666666666
79,114,2024-12-18T23:39:16,7.233333333333333
211,158,2024-12-18T23:16:56,6.916666666666667
48,33,2024-12-18T23:47:31,35.65
48,48,2024-12-19T00:03:55,28.9
162,236,2024-12-19T00:20:06,7.116666666666666
161,163,2024-12-19T00:09:00,3.65
186,107,2024-12-19T00:17:36,15.083333333333334
162,48,2024-12-19T01:13:43,10.15
116,261,2024-12-19T04:01:56,28.833333333333332
262,140,2024-12-19T06:13:56,2.066666666666667
233,170,2024-12-19T07:38:55,3.783333333333333
236,238,2024-12-19T07:59:46,18.183333333333334
161,230,2024-12-19T07:51:23,4.733333333333333
236,144,2024-12-19T07:58:06,31.066666666666666
140,142,2024-12-19T07:29:04,18.1
262,107,2024-12-19T08:55:46,12.766666666666667
90,113,2024-12-19T08:33:52,6.483333333333333
107,162,2024-12-19T08:11:54,9.133333333333333
237,234,2024-12-19T08:32:42,18.35
68,90,2024-12-19T08:24:09,3.6333333333333333
262,79,2024-12-19T08:01:23,21.0
151,140,2024-12-19T08:38:14,22.966666666666665
262,238,2024-12-19T08:58:36,12.416666666666666
75,74,2024-12-19T08:30:49,8.783333333333333
186,230,2024-12-19T09:05:27,22.883333333333333
140,237,2024-12-19T09:58:51,7.483333333333333
249,234,2024-12-19T09:27:45,4.016666666666667
239,236,2024-12-19T09:58:36,14.066666666666666
161,211,2024-12-19T09:37:01,22.75
262,236,2024-12-19T09:32:33,5.15
137,233,2024-12-19T10:12:02,7.716666666666667
229,263,2024-12-19T10:02:17,18.55
68,158,2024-12-19T10:23:24,4.316666666666666
233,141,2024-12-19T10:30:50,5.333333333333333
140,140,2024-12-19T10:26:39,6.733333333333333
231,209,2024-12-19T10:36:52,5.983333333333333
263,137,2024-12-19T10:26:11,19.716666666666665
186,13,2024-12-19T10:11:35,15.483333333333333
170,237,2024-12-19T10:48:44,26.833333333333332
239,186,2024-12-19T10:53:54,18.116666666666667
161,246,2024-12-19T10:28:55,16.85
236,43,2024-12-19T11:55:49,22.133333333333333
107,161,2024-12-19T11:50:03,18.933333333333334
229,236,2024-12-19T11:18:36,15.816666666666666
237,239,2024-12-19T11:33:57,6.85
238,75,2024-12-19T11:12:06,30.333333333333332
113,249,2024-12-19T11:20:07,5.1
166,41,2024-12-19T12:01:33,6.316666666666666
162,229,2024-12-19T12:02:47,6.183333333333334
170,68,2024-12-19T12:49:38,11.616666666666667
162,88,2024-12-19T12:25:16,17.55
237,43,2024-12-19T12:23:45,9.066666666666666
137,161,2024-12-19T12:39:13,14.3
141,236,2024-12-19T12:47:58,4.516666666666667
186,48,2024-12-19T12:20:44,27.2
186,100,2024-12-19T12:50:10,22.683333333333334
100,170,2024-12-19T12:35:34,9.933333333333334
132,161,2024-12-19T12:16:49,60.7
237,237,2024-12-19T12:24:11,9.583333333333334
237,142,2024-12-19T13:12:17,11.3
233,140,2024-12-19T13:38:57,21.983333333333334
246,256,2024-12-19T13:59:56,36.1
138,170,2024-12-19T13:41:26,32.916666666666664
48,142,2024-12-19T13:13:01,5.733333333333333
132,100,2024-12-19T13:10:26,56.31666666666667
43,237,2024-12-19T13:23:29,9.166666666666666
90,170,2024-12-19T13:01:55,13.883333333333333
141,237,2024-12-19T14:22:07,19.75
166,233,2024-12-19T14:25:46,99.48333333333333
162,113,2024-12-19T14:20:14,17.383333333333333
161,237,2024-12-19T14:51:00,22.516666666666666
161,232,2024-12-19T14:07:22,17.766666666666666
170,237,2024-12-19T14:46:35,20.4
237,166,2024-12-19T14:04:08,22.816666666666666
50,143,2024-12-19T14:54:03,2.9833333333333334
237,142,2024-12-19T14:27:03,4.0
163,1,2024-12-19T14:57:46,68.63333333333334
132,43,2024-12-19T15:57:46,110.28333333333333
229,236,2024-12-19T15:47:49,24.35
211,90,2024-12-19T15:40:13,10.2
236,170,2024-12-19T15:01:02,23.2
211,162,2024-12-19T15:54:28,29.333333333333332
229,163,2024-12-19T15:17:53,14.65
234,132,2024-12-19T15:06:21,93.2
138,163,2024-12-19T15:00:54,75.91666666666667
234,113,2024-12-19T15:49:09,7.783333333333333
186,113,2024-12-19T14:54:14,8.433333333333334
163,141,2024-12-19T15:40:48,18.933333333333334
13,13,2024-12-19T15:37:18,1.95
138,170,2024-12-19T15:14:35,29.9
237,164,2024-12-19T16:55:09,23.266666666666666
238,151,2024-12-19T16:55:36,2.716666666666667
239,163,2024-12-19T16:10:20,12.833333333333334
233,132,2024-12-19T16:00:41,85.86666666666666
161,161,2024-12-19T16:04:39,10.483333333333333
170,141,2024-12-19T16:21:43,17.133333333333333
246,246,2024-12-19T16:34:49,5.483333333333333
13,231,2024-12-19T16:40:36,8.933333333333334
263,263,2024-12-19T16:30:04,4.933333333333334
138,231,2024-12-19T16:10:38,63.71666666666667
107,186,2024-12-19T16:25:46,29.5
50,229,2024-12-19T17:51:59,28.683333333333334
162,230,2024-12-19T17:44:45,27.216666666666665
114,186,2024-12-19T17:20:32,11.7
107,162,2024-12-19T17:55:59,18.983333333333334
230,151,2024-12-19T17:46:07,15.7
162,236,2024-12-19T17:06:55,14.75
88,151,2024-12-19T17:06:42,37.733333333333334
79,68,2024-12-19T18:37:21,20.75
43,140,2024-12-19T18:16:17,15.666666666666666
236,141,2024-12-19T18:56:28,10.116666666666667
141,143,2024-12-19T18:41:05,20.666666666666668
229,239,2024-12-19T18:30:04,24.666666666666668
143,239,2024-12-19T18:02:23,10.133333333333333
229,79,2024-12-19T18:29:31,13.883333333333333
113,233,2024-12-19T18:02:12,16.7
233,231,2024-12-19T18:55:42,18.466666666666665
236,236,2024-12-19T18:22:01,4.416666666666667
263,107,2024-12-19T18:09:32,25.15
186,142,2024-12-19T18:54:41,16.016666666666666
107,107,2024-12-19T19:08:14,5.183333333333334
132,40,2024-12-19T19:47:10,44.666666666666664
161,229,2024-12-19T19:10:37,10.766666666666667
234,144,2024-12-19T19:00:03,13.416666666666666
142,48,2024-12-19T19:29:27,8.6
236,141,2024-12-19T19:55:45,8.833333333333334
125,224,2024-12-19T19:08:46,15.766666666666667
239,224,2024-12-19T19:12:01,28.766666666666666
236,143,2024-12-19T19:36:38,11.583333333333334
161,237,2024-12-19T19:59:22,6.25
79,107,2024-12-19T19:30:29,5.083333333333333
164,164,2024-12-19T20:17:37,9.933333333333334
164,79,2024-12-19T20:29:31,12.866666666666667
239,237,2024-12-19T20:21:21,7.016666666666667
234,7,2024-12-19T20:20:46,23.533333333333335
107,229,2024-12-19T20:47:04,7.55
163,162,2024-12-19T20:41:56,9.816666666666666
163,224,2024-12-19T20:06:05,34.733333333333334
230,246,2024-12-19T20:46:45,28.883333333333333
163,230,2024-12-19T20:36:19,3.2
79,137,2024-12-19T20:15:26,2.7
48,140,2024-12-19T20:51:57,17.033333333333335
234,225,2024-12-19T21:23:08,42.483333333333334
90,164,2024-12-19T21:57:32,14.95
79,68,2024-12-19T21:29:07,11.483333333333333
234,257,2024-12-19T21:41:51,33.45
234,170,2024-12-19T21:13:10,5.05
170,158,2024-12-19T21:32:27,15.666666666666666
114,229,2024-12-19T21:25:13,17.933333333333334
143,233,2024-12-19T21:18:47,25.6
142,238,2024-12-19T21:23:20,10.983333333333333
114,148,2024-12-19T21:18:58,6.216666666666667
52,195,2024-12-19T21:47:40,7.683333333333334
68,158,2024-12-19T21:12:27,2.8
142,223,2024-12-19T21:47:32,36.43333333333333
144,231,2024-12-19T21:56:35,4.966666666666667
211,97,2024-12-19T21:58:02,16.883333333333333
170,233,2024-12-19T21:38:54,6.95
162,140,2024-12-19T22:14:23,8.233333333333333
79,79,2024-12-19T22:43:27,2.8833333333333333
144,234,2024-12-19T22:57:56,11.6
142,48,2024-12-19T22:22:50,9.083333333333334
68,90,2024-12-19T22:36:47,3.683333333333333
132,137,2024-12-19T22:37:09,37.733333333333334
229,141,2024-12-19T22:53:41,7.733333333333333
114,13,2024-12-19T22:14:45,10.366666666666667
237,236,2024-12-19T22:38:26,5.75
100,246,2024-12-19T22:36:14,10.666666666666666
138,141,2024-12-19T23:03:41,18.366666666666667
161,162,2024-12-19T23:52:16,2.4833333333333334
68,238,2024-12-19T23:31:04,30.033333333333335
13,144,2024-12-19T23:28:07,10.833333333333334
163,142,2024-12-19T23:07:49,6.266666666666667
107,255,2024-12-19T23:16:07,27.7
79,186,2024-12-19T23:45:06,15.766666666666667
161,79,2024-12-19T23:44:07,15.75
229,107,2024-12-19T23:06:41,12.883333333333333
113,100,2024-12-19T23:26:23,19.2
43,239,2024-12-20T00:05:54,9.666666666666666
48,263,2024-12-20T00:29:36,11.433333333333334
170,20,2024-12-20T00:53:45,25.866666666666667
164,113,2024-12-20T00:56:47,5.183333333333334
163,233,2024-12-20T00:46:05,7.183333333333334
48,229,2024-12-20T00:34:36,7.266666666666667
144,107,2024-12-20T01:49:13,7.233333333333333
132,129,2024-12-20T01:05:24,32.233333333333334
132,138,2024-12-20T06:47:14,30.0
249,186,2024-12-20T06:13:18,3.55
236,236,2024-12-20T07:52:27,2.9
79,137,2024-12-20T07:19:01,5.416666666666667
263,236,2024-12-20T07:54:41,6.7
138,132,2024-12-20T07:51:33,34.63333333333333
262,237,2024-12-20T07:59:37,15.6
132,142,2024-12-20T07:21:24,78.25
107,107,2024-12-20T08:04:58,27.483333333333334
164,138,2024-12-20T08:37:11,30.133333333333333
238,166,2024-12-20T09:38:16,9.55
231,88,2024-12-20T09:16:05,9.066666666666666
162,163,2024-12-20T09:16:04,15.816666666666666
79,45,2024-12-20T09:33:10,9.95
140,236,2024-12-20T10:26:49,11.733333333333333
236,237,2024-12-20T10:37:38,8.766666666666667
238,238,2024-12-20T10:48:55,6.25
164,140,2024-12-20T10:02:30,11.733333333333333
238,239,2024-12-20T10:26:09,10.466666666666667
237,237,2024-12-20T11:26:54,8.266666666666667
161,48,2024-12-20T11:47:03,15.966666666666667
130,152,2024-12-20T11:52:50,41.233333333333334
230,113,2024-12-20T11:22:48,26.416666666666668
145,145,2024-12-20T12:59:05,1.0166666666666666
100,43,2024-12-20T12:38:02,21.383333333333333
249,231,2024-12-20T12:45:42,11.85
148,164,2024-12-20T12:47:53,29.133333333333333
161,231,2024-12-20T12:23:29,23.766666666666666
90,107,2024-12-20T12:17:00,10.283333333333333
142,239,2024-12-20T12:30:07,8.65
138,48,2024-12-20T12:23:12,56.2
161,237,2024-12-20T12:36:17,9.983333333333333
100,48,2024-12-20T13:56:15,29.466666666666665
236,229,2024-12-20T13:16:58,11.733333333333333
249,107,2024-12-20T13:10:01,10.533333333333333
114,90,2024-12-20T13:46:02,6.733333333333333
113,144,2024-12-20T13:47:37,7.483333333333333
239,161,2024-12-20T13:57:36,26.95
237,211,2024-12-20T13:36:53,35.8
263,75,2024-12-20T13:49:44,9.783333333333333
230,163,2024-12-20T13:38:22,6.433333333333334
90,90,2024-12-20T13:45:14,6.75
239,158,2024-12-20T13:07:16,25.816666666666666
262,246,2024-12-20T13:27:05,32.516666666666666
239,238,2024-12-20T13:13:56,3.5833333333333335
263,141,2024-12-20T13:33:00,8.733333333333333
231,12,2024-12-20T13:20:47,6.866666666666666
68,158,2024-12-20T13:21:22,6.3
234,237,2024-12-20T14:36:04,30.316666666666666
236,239,2024-12-20T14:15:18,12.516666666666667
164,164,2024-12-20T14:44:55,1.55
237,162,2024-12-20T14:53:01,9.75
186,230,2024-12-20T14:22:47,16.166666666666668
140,161,2024-12-20T14:52:18,16.05
237,140,2024-12-20T14:52:49,4.283333333333333
170,90,2024-12-20T14:03:33,15.283333333333333
140,141,2024-12-20T14:11:25,9.366666666666667
79,262,2024-12-20T14:38:11,36.06666666666667
223,7,2024-12-20T14:56:01,9.4
237,238,2024-12-20T14:43:51,19.033333333333335
70,164,2024-12-20T15:39:56,69.2
234,249,2024-12-20T15:08:55,14.716666666666667
161,162,2024-12-20T15:31:19,6.2
141,263,2024-12-20T15:24:59,3.466666666666667
164,143,2024-12-20T15:33:54,26.616666666666667
113,216,2024-12-20T15:40:41,85.06666666666666
239,186,2024-12-20T15:14:47,61.75
161,229,2024-12-20T15:47:45,8.983333333333333
140,263,2024-12-20T15:55:52,17.016666666666666
230,170,2024-12-20T15:10:01,26.133333333333333
163,142,2024-12-20T16:46:49,9.0
237,161,2024-12-20T16:31:10,13.916666666666666
236,239,2024-12-20T16:03:43,6.6
43,52,2024-12-20T16:09:40,42.65
151,263,2024-12-20T16:49:05,18.6
140,113,2024-12-20T16:43:26,23.466666666666665
132,230,2024-12-20T16:00:57,101.85
164,43,2024-12-20T16:58:51,36.2
263,237,2024-12-20T16:28:27,7.1
230,249,2024-12-20T16:58:59,19.15
90,249,2024-12-20T17:56:43,3.45
48,230,2024-12-20T17:02:25,24.933333333333334
138,182,2024-12-20T17:47:56,28.3
238,237,2024-12-20T17:42:36,11.85
163,166,2024-12-20T17:51:39,17.0
158,239,2024-12-20T17:19:00,19.966666666666665
141,263,2024-12-20T17:38:45,2.566666666666667
239,143,2024-12-20T17:44:34,9.15
186,79,2024-12-20T17:26:37,13.95
230,48,2024-12-20T17:00:55,12.466666666666667
262,141,2024-12-20T18:54:16,4.516666666666667
161,142,2024-12-20T18:32:17,7.416666666666667
237,142,2024-12-20T18:25:20,13.55
231,158,2024-12-20T18:45:09,8.566666666666666
163,234,2024-12-20T18:09:06,22.183333333333334
161,164,2024-12-20T18:51:38,14.533333333333333
238,238,2024-12-20T18:51:05,3.8333333333333335
163,239,2024-12-20T18:18:05,6.95
234,231,2024-12-20T18:12:48,19.1
107,100,2024-12-20T18:25:02,15.466666666666667
48,263,2024-12-20T19:13:39,17.133333333333333
234,237,2024-12-20T19:56:14,16.716666666666665
132,215,2024-12-20T19:42:02,20.683333333333334
79,107,2024-12-20T19:39:12,2.5166666666666666
236,236,2024-12-20T19:52:53,3.3
41,42,2024-12-20T19:36:31,11.1
230,230,2024-12-20T19:05:32,10.766666666666667
142,263,2024-12-20T19:36:04,12.7
142,161,2024-12-20T19:32:43,11.366666666666667
137,234,2024-12-20T20:17:31,8.633333333333333
48,163,2024-12-20T21:37:24,6.6
90,230,2024-12-20T21:41:30,40.68333333333333
79,229,2024-12-20T21:34:51,10.716666666666667
4,158,2024-12-20T21:34:20,13.516666666666667
229,158,2024-12-20T21:00:11,24.3
239,237,2024-12-20T21:17:15,11.3
237,161,2024-12-20T21:29:28,16.716666666666665
140,141,2024-12-20T21:49:46,5.55
162,186,2024-12-20T21:38:34,19.85
161,114,2024-12-20T21:11:38,19.3
48,244,2024-12-20T21:03:54,14.866666666666667
113,231,2024-12-20T22:48:23,9.766666666666667
249,166,2024-12-20T22:16:08,29.25
161,223,2024-12-20T22:46:48,23.933333333333334
262,236,2024-12-20T22:03:24,1.4
249,79,2024-12-20T22:53:55,7.033333333333333
161,186,2024-12-20T22:42:02,9.183333333333334
230,163,2024-12-20T22:48:48,15.866666666666667
237,239,2024-12-20T23:00:44,7.566666666666666
48,236,2024-12-20T23:33:42,13.0
234,33,2024-12-20T23:38:04,23.816666666666666
161,68,2024-12-20T23:05:00,16.75
234,68,2024-12-20T23:35:53,6.25
148,188,2024-12-20T23:24:54,30.366666666666667
141,170,2024-12-20T23:57:54,10.6
144,234,2024-12-20T23:39:48,8.55
148,144,2024-12-20T23:08:44,4.05
107,236,2024-12-21T00:16:02,11.583333333333334
90,232,2024-12-21T00:16:17,28.916666666666668
113,144,2024-12-21T00:06:54,7.7
107,238,2024-12-21T01:54:02,16.5
211,113,2024-12-21T01:02:57,6.083333333333333
249,48,2024-12-21T01:29:47,10.0
144,144,2024-12-21T01:20:30,1.7166666666666666
79,234,2024-12-21T01:16:01,11.316666666666666
48,138,2024-12-21T02:19:33,32.016666666666666
249,48,2024-12-21T02:28:17,7.6
170,140,2024-12-21T02:52:19,9.366666666666667
79,233,2024-12-21T02:05:19,10.05
79,232,2024-12-21T02:26:41,10.95
68,68,2024-12-21T07:52:05,2.6666666666666665
43,236,2024-12-21T08:32:18,6.233333333333333
243,92,2024-12-21T08:57:21,30.216666666666665
186,113,2024-12-21T08:39:58,6.466666666666667
100,88,2024-12-21T08:49:27,15.133333333333333
237,239,2024-12-21T09:37:57,11.433333333333334
229,140,2024-12-21T09:07:15,1.9833333333333334
237,163,2024-12-21T09:49:02,6.766666666666667
138,129,2024-12-21T09:17:47,9.8
234,236,2024-12-21T09:56:25,13.95
79,231,2024-12-21T09:31:58,7.783333333333333
148,162,2024-12-21T10:04:20,14.116666666666667
161,230,2024-12-21T10:15:30,5.466666666666667
142,239,2024-12-21T10:27:56,7.45
262,90,2024-12-21T10:27:10,13.883333333333333
4,162,2024-12-21T10:39:21,11.283333333333333
90,237,2024-12-21T10:53:05,15.916666666666666
90,234,2024-12-21T10:23:45,7.6
234,113,2024-12-21T11:56:48,4.183333333333334
161,246,2024-12-21T11:55:27,12.083333333333334
13,158,2024-12-21T11:39:25,11.166666666666666
48,143,2024-12-21T11:49:05,9.05
169,80,2024-12-21T11:23:09,49.78333333333333
170,237,2024-12-21T12:39:14,7.266666666666667
262,132,2024-12-21T12:32:38,32.68333333333333
234,114,2024-12-21T12:57:03,4.133333333333334
113,113,2024-12-21T12:51:47,4.9
170,161,2024-12-21T12:32:49,3.9833333333333334
152,74,2024-12-21T12:41:21,18.533333333333335
239,151,2024-12-21T12:09:24,7.866666666666666
87,107,2024-12-21T12:52:57,16.433333333333334
158,125,2024-12-21T12:03:12,20.35
43,48,2024-12-21T12:20:50,14.416666666666666
132,143,2024-12-21T12:18:01,53.28333333333333
138,255,2024-12-21T13:22:55,21.583333333333332
100,230,2024-12-21T13:48:43,13.733333333333333
211,231,2024-12-21T13:43:23,4.616666666666666
141,237,2024-12-21T13:21:16,4.616666666666666
234,79,2024-12-21T13:04:06,10.983333333333333
163,68,2024-12-21T14:18:46,13.733333333333333
142,48,2024-12-21T14:13:53,5.866666666666666
113,107,2024-12-21T14:17:34,10.033333333333333
114,68,2024-12-21T14:29:44,21.983333333333334
140,140,2024-12-21T14:10:02,1.7333333333333334
143,142,2024-12-21T14:46:35,2.3833333333333333
239,236,2024-12-21T14:48:43,15.6
230,138,2024-12-21T14:59:59,36.2
236,237,2024-12-21T14:06:39,10.15
263,141,2024-12-21T14:31:31,6.433333333333334
262,237,2024-12-21T15:14:35,9.5
87,246,2024-12-21T15:52:39,32.13333333333333
43,237,2024-12-21T15:10:26,10.883333333333333
142,166,2024-12-21T15:53:06,8.5
132,231,2024-12-21T15:23:50,59.8
162,246,2024-12-21T15:01:40,34.733333333333334
68,79,2024-12-21T15:59:41,20.533333333333335
233,234,2024-12-21T16:33:04,16.733333333333334
114,68,2024-12-21T16:12:51,11.616666666666667
107,229,2024-12-21T16:14:52,17.416666666666668
79,79,2024-12-21T16:41:53,5.233333333333333
234,48,2024-12-21T16:39:04,42.71666666666667
162,170,2024-12-21T16:58:21,15.75
239,239,2024-12-21T16:58:55,2.4166666666666665
43,141,2024-12-21T17:00:35,9.633333333333333
79,234,2024-12-21T17:10:37,7.85
236,43,2024-12-21T17:49:07,15.05
141,141,2024-12-21T17:05:42,1.85
236,237,2024-12-21T17:58:50,8.466666666666667
90,13,2024-12-21T17:00:47,13.166666666666666
237,162,2024-12-21T17:52:18,17.033333333333335
230,230,2024-12-21T17:05:14,18.75
107,236,2024-12-21T17:59:21,32.38333333333333
142,237,2024-12-21T18:22:32,8.983333333333333
140,263,2024-12-21T18:16:22,5.583333333333333
68,263,2024-12-21T18:49:09,31.1
239,186,2024-12-21T18:55:57,41.4
163,161,2024-12-21T18:27:24,15.9
79,50,2024-12-21T18:56:10,37.75
113,234,2024-12-21T19:04:37,12.216666666666667
79,151,2024-12-21T19:05:36,34.11666666666667
144,151,2024-12-21T19:34:35,26.583333333333332
79,107,2024-12-21T19:20:43,3.2333333333333334
161,140,2024-12-21T19:31:42,17.933333333333334
236,141,2024-12-21T19:19:15,3.3833333333333333
211,249,2024-12-21T19:42:45,7.266666666666667
236,24,2024-12-21T20:47:09,13.933333333333334
162,224,2024-12-21T20:40:35,16.0
48,238,2024-12-21T20:45:51,13.55
170,162,2024-12-21T20:38:42,18.916666666666668
161,233,2024-12-21T20:11:31,7.4
163,140,2024-12-21T21:52:11,14.816666666666666
239,239,2024-12-21T21:06:17,1.5
170,144,2024-12-21T21:08:12,16.45
186,164,2024-12-21T21:45:35,22.15
249,87,2024-12-21T21:03:43,15.483333333333333
211,209,2024-12-21T21:57:44,9.2
238,151,2024-12-21T21:39:30,2.433333333333333
234,148,2024-12-21T21:59:33,13.216666666666667
90,229,2024-12-21T21:03:15,20.516666666666666
249,144,2024-12-21T21:17:28,15.416666666666666
161,48,2024-12-21T21:55:54,34.06666666666667
132,82,2024-12-21T22:41:46,38.016666666666666
107,161,2024-12-21T22:18:46,18.666666666666668
163,161,2024-12-21T22:04:21,25.75
164,211,2024-12-21T22:47:47,13.566666666666666
138,166,2024-12-21T22:53:00,24.1
161,223,2024-12-21T22:05:37,37.03333333333333
132,142,2024-12-21T23:23:59,40.766666666666666
90,229,2024-12-21T23:45:25,14.433333333333334
48,151,2024-12-22T00:36:31,9.833333333333334
162,7,2024-12-22T00:02:07,18.383333333333333
238,151,2024-12-22T01:00:26,5.116666666666666
144,236,2024-12-22T01:53:38,16.4
79,117,2024-12-22T01:24:24,79.53333333333333
50,232,2024-12-22T01:08:04,21.633333333333333
158,249,2024-12-22T01:54:09,8.916666666666666
132,158,2024-12-22T01:21:46,32.81666666666667
148,79,2024-12-22T01:54:56,5.483333333333333
125,79,2024-12-22T02:53:03,9.85
263,243,2024-12-22T02:51:58,13.966666666666667
244,138,2024-12-22T03:35:17,18.25
90,148,2024-12-22T03:00:53,14.183333333333334
148,151,2024-12-22T03:25:17,28.266666666666666
125,45,2024-12-22T04:12:55,13.866666666666667
145,107,2024-12-22T04:51:12,12.366666666666667
229,143,2024-12-22T08:38:16,12.5
90,158,2024-12-22T08:12:23,4.333333333333333
164,229,2024-12-22T09:59:14,9.366666666666667
262,236,2024-12-22T09:35:48,6.9
89,71,2024-12-22T09:59:21,37.71666666666667
239,262,2024-12-22T09:47:54,10.55
233,162,2024-12-22T10:52:59,5.433333333333334
164,230,2024-12-22T10:47:29,14.683333333333334
48,68,2024-12-22T10:49:40,11.8
79,161,2024-12-22T10:58:18,17.366666666666667
163,230,2024-12-22T10:36:06,7.866666666666666
186,161,2024-12-22T10:55:10,15.466666666666667
132,161,2024-12-22T10:30:12,39.8
170,141,2024-12-22T10:39:24,10.033333333333333
163,48,2024-12-22T11:54:29,16.4
43,140,2024-12-22T11:10:04,11.383333333333333
236,100,2024-12-22T11:39:14,25.083333333333332
68,239,2024-12-22T11:22:09,12.4
163,162,2024-12-22T11:51:23,11.45
230,132,2024-12-22T11:28:38,39.9
132,125,2024-12-22T11:52:59,109.68333333333334
246,246,2024-12-22T11:40:40,7.233333333333333
164,230,2024-12-22T12:14:33,16.183333333333334
164,230,2024-12-22T12:11:31,20.566666666666666
237,143,2024-12-22T12:57:32,8.766666666666667
236,186,2024-12-22T12:46:23,27.1
166,48,2024-12-22T12:06:54,24.15
100,163,2024-12-22T12:56:27,15.333333333333334
107,75,2024-12-22T12:34:43,18.55
239,166,2024-12-22T13:19:34,9.3
239,263,2024-12-22T13:29:57,9.166666666666666
113,158,2024-12-22T13:01:43,5.05
68,233,2024-12-22T13:04:12,17.833333333333332
144,164,2024-12-22T13:11:07,6.283333333333333
107,79,2024-12-22T13:09:44,5.016666666666667
229,141,2024-12-22T13:36:09,5.216666666666667
161,162,2024-12-22T13:54:18,5.133333333333334
100,112,2024-12-22T13:33:42,32.65
186,163,2024-12-22T14:31:34,33.43333333333333
100,246,2024-12-22T14:55:33,18.833333333333332
90,151,2024-12-22T14:49:47,26.0
50,163,2024-12-22T14:32:20,14.266666666666667
238,263,2024-12-22T14:42:12,17.166666666666668
186,48,2024-12-22T15:26:22,35.7
238,239,2024-12-22T15:02:01,3.0
238,239,2024-12-22T15:20:54,2.4166666666666665
229,161,2024-12-22T15:45:25,25.683333333333334
166,239,2024-12-22T15:37:17,13.583333333333334
163,132,2024-12-22T15:48:25,65.43333333333334
186,237,2024-12-22T15:06:54,18.383333333333333
138,229,2024-12-22T15:52:25,42.983333333333334
170,161,2024-12-22T15:41:06,26.4
107,170,2024-12-22T16:44:28,12.55
262,237,2024-12-22T16:39:19,10.583333333333334
142,237,2024-12-22T16:35:27,8.466666666666667
163,100,2024-12-22T16:21:36,16.1
186,125,2024-12-22T16:45:59,27.966666666666665
236,164,2024-12-22T16:18:46,28.55
43,162,2024-12-22T16:47:01,13.533333333333333
138,162,2024-12-22T16:35:14,33.9
186,246,2024-12-22T16:25:02,10.783333333333333
163,230,2024-12-22T16:08:37,20.466666666666665
237,141,2024-12-22T16:00:21,8.483333333333333
79,170,2024-12-22T17:08:29,5.233333333333333
162,237,2024-12-22T17:44:01,4.616666666666666
246,43,2024-12-22T17:10:56,28.75
79,234,2024-12-22T17:18:09,10.516666666666667
237,164,2024-12-22T17:58:08,27.883333333333333
100,158,2024-12-22T17:31:40,31.916666666666668
132,16,2024-12-22T17:29:20,27.916666666666668
237,75,2024-12-22T17:02:02,17.0
236,24,2024-12-22T18:38:07,8.75
48,230,2024-12-22T18:59:39,11.266666666666667
230,230,2024-12-22T18:18:32,21.666666666666668
236,237,2024-12-22T18:09:57,3.566666666666667
209,45,2024-12-22T18:04:36,3.1333333333333333
239,43,2024-12-22T18:12:35,5.516666666666667
140,229,2024-12-22T18:02:51,6.533333333333333
162,234,2024-12-22T18:02:55,15.616666666666667
107,246,2024-12-22T18:09:23,16.616666666666667
113,68,2024-12-22T18:47:34,15.116666666666667
170,100,2024-12-22T18:53:19,10.55
132,158,2024-12-22T18:25:46,55.333333333333336
238,142,2024-12-22T19:49:31,7.216666666666667
141,239,2024-12-22T19:24:08,11.866666666666667
246,50,2024-12-22T19:34:05,12.4
43,263,2024-12-22T19:39:17,6.066666666666666
230,238,2024-12-22T20:42:30,18.733333333333334
234,107,2024-12-22T20:20:22,5.45
137,170,2024-12-22T20:09:36,4.683333333333334
166,151,2024-12-22T20:31:09,4.766666666666667
164,236,2024-12-22T20:30:51,21.85
90,68,2024-12-22T20:14:16,5.4
70,126,2024-12-22T20:16:58,19.116666666666667
162,163,2024-12-22T21:00:23,19.9
144,230,2024-12-22T21:33:01,32.65
48,236,2024-12-22T21:41:08,23.4
144,232,2024-12-22T21:35:04,7.116666666666666
79,257,2024-12-22T21:58:30,27.066666666666666
237,140,2024-12-22T21:09:39,5.033333333333333
132,137,2024-12-22T21:41:38,31.4
158,164,2024-12-22T22:49:07,7.116666666666666
158,48,2024-12-22T22:29:16,5.95
132,107,2024-12-22T23:38:13,30.816666666666666
68,238,2024-12-22T23:48:42,16.166666666666668
170,100,2024-12-22T23:11:05,4.583333333333333
100,129,2024-12-23T02:23:46,21.133333333333333
100,50,2024-12-23T03:00:53,6.066666666666666
230,186,2024-12-23T04:53:21,5.366666666666666
233,162,2024-12-23T05:50:40,2.316666666666667
262,75,2024-12-23T06:53:50,8.1
132,48,2024-12-23T06:54:26,52.3
186,164,2024-12-23T07:29:31,4.333333333333333
237,163,2024-12-23T07:40:54,3.15
229,161,2024-12-23T08:24:53,2.566666666666667
100,230,2024-12-23T08:46:30,8.883333333333333
107,68,2024-12-23T08:53:01,8.183333333333334
107,170,2024-12-23T08:44:37,3.7666666666666666
229,237,2024-12-23T08:36:39,10.75
141,4,2024-12-23T09:34:04,11.716666666666667
186,230,2024-12-23T09:04:51,8.0
237,237,2024-12-23T09:59:36,3.966666666666667
142,170,2024-12-23T09:42:25,27.066666666666666
125,144,2024-12-23T09:22:22,5.633333333333334
237,229,2024-12-23T10:32:01,5.9
236,161,2024-12-23T10:29:48,9.283333333333333
161,186,2024-12-23T10:57:25,18.066666666666666
246,48,2024-12-23T11:34:14,27.6
143,239,2024-12-23T11:03:55,2.9
140,163,2024-12-23T11:54:44,13.833333333333334
231,119,2024-12-23T11:55:52,47.78333333333333
229,162,2024-12-23T11:26:48,5.85
170,162,2024-12-23T11:06:10,5.633333333333334
161,88,2024-12-23T11:42:10,19.566666666666666
87,246,2024-12-23T11:30:26,18.466666666666665
113,100,2024-12-23T11:50:15,23.283333333333335
138,130,2024-12-23T11:19:32,31.483333333333334
237,229,2024-12-23T11:57:24,18.133333333333333
140,236,2024-12-23T12:59:51,9.3
158,138,2024-12-23T12:55:13,39.71666666666667
236,237,2024-12-23T12:42:40,9.116666666666667
68,246,2024-12-23T12:20:50,5.416666666666667
141,43,2024-12-23T12:16:00,4.883333333333334
13,233,2024-12-23T12:29:46,21.55
151,237,2024-12-23T12:07:36,23.666666666666668
237,236,2024-12-23T12:10:04,11.066666666666666
239,141,2024-12-23T12:20:19,13.516666666666667
163,229,2024-12-23T12:13:58,5.966666666666667
140,151,2024-12-23T12:18:00,19.483333333333334
113,231,2024-12-23T12:39:35,11.666666666666666
125,68,2024-12-23T12:38:04,8.266666666666667
48,161,2024-12-23T13:50:53,19.55
238,142,2024-12-23T13:54:28,12.633333333333333
170,229,2024-12-23T13:21:46,9.183333333333334
236,262,2024-12-23T13:00:31,6.466666666666667
151,238,2024-12-23T13:49:01,8.9
163,239,2024-12-23T13:35:49,10.1
161,163,2024-12-23T13:25:57,21.316666666666666
164,170,2024-12-23T13:20:32,3.05
43,75,2024-12-23T13:18:15,4.683333333333334
263,236,2024-12-23T14:38:02,8.183333333333334
233,237,2024-12-23T14:25:55,19.183333333333334
234,68,2024-12-23T14:13:22,6.433333333333334
233,12,2024-12-23T14:19:38,13.483333333333333
262,236,2024-12-23T14:07:19,16.033333333333335
161,237,2024-12-23T14:44:58,6.866666666666666
186,137,2024-12-23T14:22:15,14.766666666666667
261,261,2024-12-23T14:01:01,10.883333333333333
7,179,2024-12-23T14:19:26,6.566666666666666
243,244,2024-12-23T14:36:51,13.1
161,236,2024-12-23T14:42:36,9.15
262,151,2024-12-23T13:55:44,13.5
138,145,2024-12-23T14:38:48,20.933333333333334
137,162,2024-12-23T14:20:56,7.083333333333333
170,249,2024-12-23T14:49:32,18.966666666666665
144,230,2024-12-23T15:18:34,39.733333333333334
262,42,2024-12-23T15:17:08,19.9
238,239,2024-12-23T15:57:37,6.166666666666667
230,230,2024-12-23T15:00:29,16.8
164,161,2024-12-23T15:16:50,20.966666666666665
239,48,2024-12-23T15:01:22,15.6
138,162,2024-12-23T15:11:27,41.31666666666667
138,79,2024-12-23T15:57:12,45.53333333333333
144,230,2024-12-23T16:07:06,49.3
158,246,2024-12-23T16:26:55,11.316666666666666
263,237,2024-12-23T16:16:57,5.9
138,224,2024-12-23T16:56:45,31.033333333333335
68,144,2024-12-23T16:57:46,16.883333333333333
45,79,2024-12-23T16:43:44,12.466666666666667
143,142,2024-12-23T16:46:06,8.7
186,107,2024-12-23T16:38:57,9.45
48,107,2024-12-23T17:13:59,24.516666666666666
186,162,2024-12-23T17:19:27,10.016666666666667
79,249,2024-12-23T17:18:00,13.633333333333333
236,237,2024-12-23T17:31:45,4.366666666666666
237,236,2024-12-23T17:06:33,8.733333333333333
90,186,2024-12-23T17:55:17,1.9333333333333333
107,224,2024-12-23T17:13:39,7.033333333333333
87,114,2024-12-23T18:06:59,24.883333333333333
164,186,2024-12-23T18:15:30,12.033333333333333
231,45,2024-12-23T18:58:03,2.966666666666667
231,68,2024-12-23T18:03:04,12.5
141,238,2024-12-23T18:18:04,10.966666666666667
246,90,2024-12-23T18:18:55,9.533333333333333
100,142,2024-12-23T18:10:30,16.566666666666666
230,186,2024-12-23T18:46:49,18.283333333333335
230,186,2024-12-23T18:23:41,21.7
48,249,2024-12-23T18:04:19,19.983333333333334
230,186,2024-12-23T18:38:15,17.816666666666666
231,164,2024-12-23T18:57:51,21.083333333333332
239,238,2024-12-23T19:48:50,3.9833333333333334
143,239,2024-12-23T19:09:30,3.9833333333333334
239,237,2024-12-23T19:33:13,6.666666666666667
246,43,2024-12-23T19:09:59,19.133333333333333
163,229,2024-12-23T19:21:39,4.75
163,239,2024-12-23T19:12:18,11.85
114,113,2024-12-23T19:49:10,5.416666666666667
186,7,2024-12-23T19:41:38,58.81666666666667
234,231,2024-12-23T20:44:30,12.5
164,163,2024-12-23T20:44:40,22.65
161,236,2024-12-23T20:03:53,15.4
170,68,2024-12-23T20:14:49,16.666666666666668
230,230,2024-12-23T20:36:34,1.8
141,161,2024-12-23T21:52:47,13.783333333333333
236,263,2024-12-23T21:32:34,3.55
237,151,2024-12-23T21:50:13,9.85
230,113,2024-12-23T21:09:14,14.816666666666666
164,238,2024-12-23T21:41:39,28.616666666666667
132,263,2024-12-23T21:02:18,38.61666666666667
239,142,2024-12-23T21:00:52,4.216666666666667
161,229,2024-12-23T21:07:24,7.516666666666667
141,87,2024-12-23T22:57:15,14.216666666666667
158,161,2024-12-23T22:43:31,17.233333333333334
137,79,2024-12-23T22:31:11,3.033333333333333
164,230,2024-12-23T23:37:09,7.1
162,140,2024-12-23T23:50:06,7.5
246,68,2024-12-23T23:00:05,5.016666666666667
79,262,2024-12-23T23:46:12,15.9
132,230,2024-12-23T23:23:11,34.0
166,135,2024-12-24T00:30:31,23.1
163,141,2024-12-24T00:38:48,5.55
158,234,2024-12-24T00:21:22,7.966666666666667
230,49,2024-12-24T00:40:32,31.316666666666666
231,13,2024-12-24T01:13:10,6.633333333333334
148,68,2024-12-24T02:38:40,22.6
236,138,2024-12-24T05:14:48,15.466666666666667
39,227,2024-12-24T05:23:50,39.05
263,24,2024-12-24T07:38:36,10.733333333333333
107,161,2024-12-24T07:48:52,9.933333333333334
68,230,2024-12-24T08:05:01,9.75
48,164,2024-12-24T08:20:18,7.3
13,231,2024-12-24T08:58:53,6.4
236,162,2024-12-24T08:52:52,7.783333333333333
237,237,2024-12-24T09:15:07,6.1
79,261,2024-12-24T09:43:54,17.133333333333333
262,141,2024-12-24T09:30:08,3.5833333333333335
163,100,2024-12-24T09:13:25,9.916666666666666
234,113,2024-12-24T10:20:27,1.2166666666666666
164,230,2024-12-24T10:44:07,8.05
237,162,2024-12-24T10:10:44,5.616666666666666
158,211,2024-12-24T10:07:08,4.866666666666666
163,68,2024-12-24T10:08:19,11.233333333333333
48,236,2024-12-24T10:26:09,14.716666666666667
234,209,2024-12-24T11:37:21,13.25
236,236,2024-12-24T11:36:36,3.7666666666666666
263,142,2024-12-24T11:54:46,39.36666666666667
233,237,2024-12-24T11:34:44,25.616666666666667
238,42,2024-12-24T12:09:44,15.833333333333334
152,152,2024-12-24T12:51:55,2.2333333333333334
68,161,2024-12-24T12:57:48,19.5
238,68,2024-12-24T12:56:11,23.466666666666665
140,236,2024-12-24T12:45:24,6.716666666666667
262,233,2024-12-24T12:30:53,8.7
262,236,2024-12-24T12:49:03,5.3
90,113,2024-12-24T12:15:04,4.6
140,229,2024-12-24T12:16:56,9.816666666666666
162,229,2024-12-24T13:42:45,2.283333333333333
161,142,2024-12-24T13:30:34,11.133333333333333
161,234,2024-12-24T13:36:53,5.4
234,234,2024-12-24T13:11:16,7.716666666666667
151,41,2024-12-24T14:28:42,8.9
163,239,2024-12-24T14:16:26,12.483333333333333
236,41,2024-12-24T14:27:27,9.366666666666667
230,163,2024-12-24T14:40:05,4.566666666666666
263,162,2024-12-24T14:20:54,13.4
234,90,2024-12-24T14:45:48,2.5
230,162,2024-12-24T14:16:57,12.75
162,162,2024-12-24T14:55:12,6.55
13,230,2024-12-24T14:03:59,37.13333333333333
45,148,2024-12-24T14:06:44,8.866666666666667
140,238,2024-12-24T15:44:05,17.683333333333334
140,229,2024-12-24T15:37:34,4.883333333333334
170,141,2024-12-24T15:16:12,12.683333333333334
161,145,2024-12-24T15:36:14,15.533333333333333
163,209,2024-12-24T15:49:56,25.533333333333335
236,42,2024-12-24T16:45:20,11.633333333333333
246,186,2024-12-24T16:46:52,7.333333333333333
143,238,2024-12-24T16:57:47,5.283333333333333
161,144,2024-12-24T16:03:30,21.983333333333334
237,170,2024-12-24T16:01:04,11.6
142,50,2024-12-24T16:04:34,7.083333333333333
143,143,2024-12-24T16:26:10,7.75
142,48,2024-12-24T16:42:36,6.55
143,238,2024-12-24T16:25:58,7.233333333333333
113,161,2024-12-24T16:11:03,19.766666666666666
233,170,2024-12-24T16:09:06,5.016666666666667
230,142,2024-12-24T16:36:07,13.45
239,68,2024-12-24T16:06:49,16.383333333333333
239,151,2024-12-24T17:49:25,5.716666666666667
143,107,2024-12-24T17:42:10,17.083333333333332
249,186,2024-12-24T17:56:52,23.566666666666666
132,92,2024-12-24T17:54:21,29.833333333333332
236,143,2024-12-24T17:36:59,13.1
68,231,2024-12-24T17:23:00,9.466666666666667
230,249,2024-12-24T17:19:03,28.033333333333335
237,162,2024-12-24T17:04:51,4.133333333333334
239,142,2024-12-24T17:42:58,1.4333333333333333
142,48,2024-12-24T17:30:24,3.2
113,170,2024-12-24T17:23:03,20.116666666666667
161,233,2024-12-24T17:59:55,15.483333333333333
113,148,2024-12-24T17:48:19,8.15
163,232,2024-12-24T18:19:16,30.25
68,148,2024-12-24T18:08:08,17.716666666666665
229,239,2024-12-24T18:26:36,13.55
161,262,2024-12-24T18:45:53,12.55
48,143,2024-12-24T18:14:59,2.6333333333333333
161,233,2024-12-24T18:09:11,4.7
263,236,2024-12-24T18:27:26,3.7
231,249,2024-12-24T18:09:59,5.116666666666666
230,100,2024-12-24T18:16:07,14.733333333333333
230,166,2024-12-24T19:59:59,20.95
90,164,2024-12-24T19:10:22,9.966666666666667
170,68,2024-12-24T19:11:19,11.866666666666667
162,162,2024-12-24T20:49:09,3.4833333333333334
162,140,2024-12-24T20:13:44,9.15
113,164,2024-12-24T20:53:55,16.483333333333334
142,161,2024-12-24T20:07:17,17.616666666666667
161,233,2024-12-24T21:59:25,5.933333333333334
48,7,2024-12-24T21:31:22,20.766666666666666
230,234,2024-12-24T21:29:15,8.466666666666667
263,75,2024-12-24T22:42:44,2.7333333333333334
113,232,2024-12-24T22:49:31,9.116666666666667
68,41,2024-12-24T22:05:40,19.416666666666668
161,141,2024-12-24T22:00:53,11.25
100,229,2024-12-24T22:40:58,13.183333333333334
161,140,2024-12-24T23:28:07,15.366666666666667
186,229,2024-12-24T23:24:23,12.916666666666666
170,234,2024-12-24T23:04:37,9.133333333333333
166,161,2024-12-24T23:38:13,18.766666666666666
7,7,2024-12-24T23:27:30,1.1
237,236,2024-12-24T23:59:56,3.1333333333333333
231,87,2024-12-25T00:41:31,4.9
148,144,2024-12-25T00:15:32,7.983333333333333
158,141,2024-12-25T01:38:46,19.966666666666665
151,166,2024-12-25T02:26:00,5.683333333333334
100,161,2024-12-25T05:53:17,1.8
75,74,2024-12-25T07:42:38,6.183333333333334
186,229,2024-12-25T07:28:57,13.433333333333334
170,97,2024-12-25T08:36:41,21.583333333333332
161,141,2024-12-25T08:05:29,6.533333333333333
107,186,2024-12-25T09:57:36,7.866666666666666
263,237,2024-12-25T09:28:32,4.2
141,140,2024-12-25T09:54:41,14.283333333333333
237,209,2024-12-25T10:51:43,16.683333333333334
114,107,2024-12-25T10:27:17,3.683333333333333
261,41,2024-12-25T10:57:06,24.283333333333335
74,74,2024-12-25T11:04:43,2.0
164,163,2024-12-25T11:01:28,6.233333333333333
234,113,2024-12-25T11:25:38,1.5333333333333334
132,230,2024-12-25T11:01:27,34.31666666666667
161,100,2024-12-25T12:11:31,3.6
249,237,2024-12-25T12:04:48,14.8
43,142,2024-12-25T12:58:59,4.8
132,10,2024-12-25T12:27:00,11.066666666666666
141,162,2024-12-25T13:34:09,5.6
142,238,2024-12-25T13:22:49,6.266666666666667
138,92,2024-12-25T13:38:27,10.916666666666666
162,229,2024-12-25T13:05:13,8.483333333333333
107,98,2024-12-25T14:03:33,20.833333333333332
141,262,2024-12-25T14:05:24,4.466666666666667
186,48,2024-12-25T14:54:35,19.633333333333333
164,137,2024-12-25T15:10:52,9.1
48,43,2024-12-25T15:10:14,5.15
261,90,2024-12-25T15:44:27,10.35
186,148,2024-12-25T15:02:43,16.916666666666668
237,262,2024-12-25T15:51:03,8.633333333333333
161,236,2024-12-25T15:11:27,10.816666666666666
239,238,2024-12-25T16:43:22,4.05
230,148,2024-12-25T16:45:40,29.916666666666668
170,231,2024-12-25T16:17:37,10.633333333333333
216,130,2024-12-25T16:38:02,6.3
70,88,2024-12-25T16:30:55,32.7
137,141,2024-12-25T16:26:40,8.033333333333333
230,100,2024-12-25T16:32:06,30.016666666666666
138,112,2024-12-25T17:27:56,13.85
229,236,2024-12-25T17:42:44,7.116666666666666
236,151,2024-12-25T17:26:44,8.25
231,90,2024-12-25T18:20:22,13.1
151,239,2024-12-25T17:58:49,5.283333333333333
87,68,2024-12-25T18:14:24,21.5
237,237,2024-12-25T18:05:46,6.483333333333333
260,77,2024-12-25T18:27:47,55.06666666666667
263,142,2024-12-25T18:23:30,9.733333333333333
162,161,2024-12-25T19:20:42,31.883333333333333
162,107,2024-12-25T19:29:31,2.966666666666667
142,107,2024-12-25T19:52:06,49.0
161,100,2024-12-25T19:24:48,14.7
45,140,2024-12-25T20:58:36,13.816666666666666
132,40,2024-12-25T20:27:13,41.95
161,142,2024-12-25T20:09:12,7.316666666666666
236,140,2024-12-25T20:29:07,5.966666666666667
186,231,2024-12-25T21:05:17,17.583333333333332
239,229,2024-12-25T21:00:38,19.25
158,246,2024-12-25T21:31:54,6.983333333333333
70,74,2024-12-25T21:32:14,14.433333333333334
143,48,2024-12-25T21:57:41,7.666666666666667
230,100,2024-12-25T21:14:46,8.483333333333333
263,148,2024-12-25T22:45:32,15.05
141,239,2024-12-25T23:56:26,7.683333333333334
238,200,2024-12-25T23:22:20,15.216666666666667
148,234,2024-12-25T23:34:37,11.016666666666667
211,163,2024-12-25T23:43:49,16.683333333333334
68,48,2024-12-26T00:11:35,6.8
68,234,2024-12-26T01:16:29,5.183333333333334
48,48,2024-12-26T01:27:51,8.5
33,231,2024-12-26T07:43:19,9.666666666666666
262,237,2024-12-26T09:27:40,3.966666666666667
163,237,2024-12-26T09:17:08,8.5
137,170,2024-12-26T09:10:33,3.533333333333333
132,131,2024-12-26T09:07:57,19.333333333333332
68,142,2024-12-26T09:36:23,14.033333333333333
142,162,2024-12-26T10:43:12,9.066666666666666
239,231,2024-12-26T10:52:23,25.083333333333332
151,161,2024-12-26T11:42:06,25.816666666666666
90,68,2024-12-26T11:52:27,3.75
68,249,2024-12-26T11:13:27,9.65
161,237,2024-12-26T11:50:46,10.683333333333334
162,48,2024-12-26T11:47:58,23.216666666666665
141,229,2024-12-26T11:05:31,3.0166666666666666
142,142,2024-12-26T11:36:48,4.8
162,141,2024-12-26T11:19:21,12.6
161,186,2024-12-26T11:09:31,18.7
75,43,2024-12-26T12:31:28,5.766666666666667
161,163,2024-12-26T12:10:28,7.966666666666667
249,161,2024-12-26T12:34:07,26.083333333333332
236,236,2024-12-26T13:36:19,5.233333333333333
90,68,2024-12-26T13:51:01,10.016666666666667
164,230,2024-12-26T13:15:52,14.416666666666666
43,151,2024-12-26T14:37:16,2.8333333333333335
43,161,2024-12-26T14:10:02,19.1
239,142,2024-12-26T14:13:15,3.05
161,141,2024-12-26T14:25:45,7.35
170,138,2024-12-26T14:07:07,18.9
161,162,2024-12-26T14:32:20,18.85
158,211,2024-12-26T15:35:47,10.183333333333334
161,68,2024-12-26T15:58:04,28.783333333333335
236,229,2024-12-26T15:26:30,11.083333333333334
140,262,2024-12-26T15:35:24,6.833333333333333
230,233,2024-12-26T15:42:16,26.55
132,161,2024-12-26T15:29:51,92.55
236,161,2024-12-26T15:13:49,20.25
237,162,2024-12-26T16:38:43,3.6166666666666667
41,138,2024-12-26T16:55:30,29.016666666666666
142,142,2024-12-26T16:15:01,3.3
211,186,2024-12-26T16:36:43,15.666666666666666
262,163,2024-12-26T16:54:02,27.866666666666667
68,114,2024-12-26T16:22:18,7.383333333333334
263,262,2024-12-26T16:43:06,4.833333333333333
132,163,2024-12-26T16:42:27,73.21666666666667
162,229,2024-12-26T16:05:41,4.75
138,36,2024-12-26T16:53:50,37.06666666666667
186,231,2024-12-26T16:00:49,17.45
70,36,2024-12-26T16:23:22,25.5
107,229,2024-12-26T17:40:34,13.133333333333333
161,4,2024-12-26T17:29:44,19.133333333333333
68,181,2024-12-26T17:19:28,41.81666666666667
142,238,2024-12-26T17:59:22,5.783333333333333
161,43,2024-12-26T17:36:55,9.966666666666667
163,233,2024-12-26T17:56:59,30.883333333333333
230,68,2024-12-26T17:52:03,18.066666666666666
144,15,2024-12-26T18:58:38,39.916666666666664
237,43,2024-12-26T18:03:36,16.5
138,230,2024-12-26T18:27:30,57.233333333333334
144,100,2024-12-26T18:44:12,25.066666666666666
237,238,2024-12-26T18:31:27,16.1
50,186,2024-12-26T18:25:12,14.5
26,228,2024-12-26T18:54:04,21.05
141,202,2024-12-26T19:45:40,15.4
263,236,2024-12-26T19:35:42,5.683333333333334
132,170,2024-12-26T19:35:08,44.666666666666664
114,186,2024-12-26T19:07:01,16.733333333333334
246,13,2024-12-26T19:18:01,16.25
164,170,2024-12-26T19:15:39,6.733333333333333
13,125,2024-12-26T20:33:28,5.716666666666667
68,249,2024-12-26T20:21:37,8.283333333333333
162,170,2024-12-26T20:48:24,8.416666666666666
249,158,2024-12-26T20:27:47,7.616666666666666
186,161,2024-12-26T20:38:58,17.383333333333333
162,239,2024-12-26T20:37:40,22.666666666666668
186,90,2024-12-26T20:29:12,2.8666666666666667
229,236,2024-12-26T20:45:24,8.216666666666667
132,224,2024-12-26T21:38:37,32.75
158,229,2024-12-26T21:58:14,23.05
142,141,2024-12-26T21:18:23,8.416666666666666
138,229,2024-12-26T21:09:55,20.433333333333334
142,151,2024-12-26T21:40:12,8.916666666666666
161,50,2024-12-26T21:46:25,12.183333333333334
234,234,2024-12-26T21:50:46,8.05
137,151,2024-12-26T22:25:34,20.016666666666666
239,262,2024-12-26T22:05:50,7.983333333333333
161,229,2024-12-26T22:58:48,18.75
230,161,2024-12-26T22:52:34,18.166666666666668
79,49,2024-12-26T22:47:38,18.15
237,262,2024-12-26T22:46:46,6.483333333333333
138,230,2024-12-26T22:50:02,32.88333333333333
48,249,2024-12-26T22:21:42,11.216666666666667
142,162,2024-12-26T22:58:14,12.1
236,262,2024-12-26T23:02:33,5.016666666666667
43,263,2024-12-26T23:58:46,7.016666666666667
132,87,2024-12-26T23:48:35,51.766666666666666
79,48,2024-12-26T23:18:36,31.666666666666668
138,76,2024-12-27T00:43:47,21.9
164,237,2024-12-27T00:19:55,9.283333333333333
166,243,2024-12-27T00:09:39,14.75
79,234,2024-12-27T01:50:49,8.483333333333333
261,138,2024-12-27T03:17:12,20.166666666666668
249,249,2024-12-27T03:14:25,2.316666666666667
48,142,2024-12-27T06:08:27,1.8666666666666667
132,143,2024-12-27T07:14:30,46.916666666666664
141,151,2024-12-27T07:16:46,13.45
263,237,2024-12-27T08:53:35,6.133333333333334
237,236,2024-12-27T08:21:05,4.3
162,239,2024-12-27T09:23:50,10.216666666666667
100,43,2024-12-27T09:07:16,14.716666666666667
140,140,2024-12-27T09:23:30,5.933333333333334
162,141,2024-12-27T09:38:02,10.766666666666667
162,239,2024-12-27T10:44:29,15.833333333333334
237,237,2024-12-27T10:39:46,2.716666666666667
236,162,2024-12-27T11:16:12,12.316666666666666
262,229,2024-12-27T11:33:29,5.5
246,162,2024-12-27T11:09:30,14.783333333333333
163,234,2024-12-27T11:46:09,15.333333333333334
224,162,2024-12-27T11:34:33,10.633333333333333
162,164,2024-12-27T11:09:02,9.416666666666666
64,107,2024-12-27T11:15:39,74.86666666666666
79,87,2024-12-27T12:23:11,19.833333333333332
43,43,2024-12-27T12:28:55,9.95
90,107,2024-12-27T12:19:43,6.266666666666667
237,161,2024-12-27T12:03:50,9.883333333333333
230,261,2024-12-27T12:03:36,26.566666666666666
50,243,2024-12-27T12:52:41,20.733333333333334
143,141,2024-12-27T12:59:37,22.383333333333333
74,263,2024-12-27T12:50:08,5.716666666666667
170,138,2024-12-27T12:24:23,15.15
162,1,2024-12-27T13:37:03,52.75
163,161,2024-12-27T13:03:03,12.133333333333333
142,144,2024-12-27T14:10:12,31.633333333333333
141,263,2024-12-27T14:15:56,3.25
100,246,2024-12-27T14:14:54,11.616666666666667
43,229,2024-12-27T14:12:10,9.916666666666666
90,230,2024-12-27T14:19:57,24.95
236,141,2024-12-27T15:52:52,9.883333333333333
246,234,2024-12-27T15:00:38,9.466666666666667
163,261,2024-12-27T15:03:14,29.133333333333333
138,87,2024-12-27T15:27:58,44.333333333333336
236,75,2024-12-27T16:04:52,8.35
236,236,2024-12-27T16:12:52,14.616666666666667
113,48,2024-12-27T16:10:35,21.933333333333334
142,68,2024-12-27T16:58:51,15.35
263,162,2024-12-27T17:31:13,16.166666666666668
234,236,2024-12-27T17:07:47,29.533333333333335
141,233,2024-12-27T17:46:26,7.35
163,107,2024-12-27T17:52:00,37.85
43,48,2024-12-27T17:24:28,31.7
138,236,2024-12-27T17:59:20,35.3
79,232,2024-12-27T17:55:31,6.733333333333333
132,143,2024-12-27T17:22:42,71.6
138,129,2024-12-27T18:30:34,11.016666666666667
140,142,2024-12-27T18:14:48,12.466666666666667
138,74,2024-12-27T18:50:26,16.783333333333335
144,4,2024-12-27T18:13:44,5.866666666666666
186,230,2024-12-27T19:55:10,30.866666666666667
138,112,2024-12-27T20:01:17,18.516666666666666
232,209,2024-12-27T19:36:30,12.033333333333333
132,196,2024-12-27T19:37:23,21.616666666666667
68,158,2024-12-27T20:40:13,3.7333333333333334
114,79,2024-12-27T20:12:44,5.45
161,238,2024-12-27T20:25:32,14.95
141,237,2024-12-27T20:58:12,6.55
141,211,2024-12-27T20:29:24,22.116666666666667
225,97,2024-12-27T20:13:01,37.166666666666664
68,48,2024-12-27T21:54:01,9.916666666666666
161,234,2024-12-27T21:10:44,10.783333333333333
132,234,2024-12-27T21:12:22,35.25
48,148,2024-12-27T21:47:32,24.266666666666666
132,148,2024-12-27T21:29:17,31.116666666666667
132,93,2024-12-27T21:00:19,16.383333333333333
141,43,2024-12-27T22:11:42,9.633333333333333
132,114,2024-12-27T22:22:41,37.93333333333333
137,107,2024-12-27T22:36:49,4.616666666666666
186,107,2024-12-27T22:26:42,15.766666666666667
10,79,2024-12-27T23:29:22,31.766666666666666
161,48,2024-12-27T23:11:18,18.3
246,163,2024-12-28T00:16:28,14.45
163,48,2024-12-28T00:29:01,4.95
148,170,2024-12-28T00:10:37,12.833333333333334
137,237,2024-12-28T00:03:31,9.283333333333333
234,48,2024-12-28T01:15:44,10.033333333333333
148,186,2024-12-28T02:20:16,12.583333333333334
107,137,2024-12-28T02:20:28,2.466666666666667
152,41,2024-12-28T03:12:41,5.533333333333333
148,230,2024-12-28T03:13:40,22.983333333333334
48,145,2024-12-28T03:02:16,17.316666666666666
236,141,2024-12-28T06:51:59,4.716666666666667
263,75,2024-12-28T08:54:10,3.85
237,237,2024-12-28T08:12:27,4.6
142,237,2024-12-28T08:46:43,9.266666666666667
161,142,2024-12-28T09:59:45,10.65
100,226,2024-12-28T09:04:27,22.35
161,237,2024-12-28T09:44:16,8.2
48,87,2024-12-28T09:19:36,22.016666666666666
262,140,2024-12-28T09:26:44,9.15
164,239,2024-12-28T09:50:24,16.0
79,211,2024-12-28T10:01:53,8.466666666666667
138,148,2024-12-28T10:16:11,23.183333333333334
43,236,2024-12-28T10:44:59,7.166666666666667
144,158,2024-12-28T10:11:45,9.35
170,100,2024-12-28T10:46:57,6.216666666666667
239,230,2024-12-28T10:59:32,15.433333333333334
237,142,2024-12-28T11:57:05,8.016666666666667
163,230,2024-12-28T11:48:10,16.4
79,234,2024-12-28T11:14:15,6.633333333333334
236,237,2024-12-28T11:54:58,4.333333333333333
132,141,2024-12-28T11:53:08,36.06666666666667
161,230,2024-12-28T11:32:21,23.133333333333333
170,234,2024-12-28T11:29:26,5.533333333333333
239,236,2024-12-28T12:02:06,12.983333333333333
163,50,2024-12-28T11:59:18,9.266666666666667
239,163,2024-12-28T12:18:45,6.716666666666667
100,144,2024-12-28T12:44:25,26.916666666666668
164,68,2024-12-28T13:16:27,9.266666666666667
142,140,2024-12-28T13:38:35,12.6
138,130,2024-12-28T13:04:39,21.116666666666667
237,237,2024-12-28T13:48:28,4.216666666666667
132,139,2024-12-28T13:31:25,12.083333333333334
132,148,2024-12-28T13:57:05,54.6
138,200,2024-12-28T13:01:02,27.516666666666666
237,236,2024-12-28T13:36:10,2.9
151,239,2024-12-28T14:46:04,8.716666666666667
48,43,2024-12-28T13:59:50,12.216666666666667
13,186,2024-12-28T14:43:22,25.733333333333334
132,25,2024-12-28T14:47:55,62.78333333333333
170,230,2024-12-28T14:41:05,23.416666666666668
161,90,2024-12-28T14:47:17,10.883333333333333
237,237,2024-12-28T15:46:56,7.6
132,255,2024-12-28T15:44:07,46.7
140,238,2024-12-28T15:02:23,13.866666666666667
68,246,2024-12-28T15:01:33,4.4
237,170,2024-12-28T15:06:52,13.9
107,246,2024-12-28T15:17:31,16.75
161,233,2024-12-28T15:33:34,20.233333333333334
236,236,2024-12-28T15:00:32,2.95
113,68,2024-12-28T16:16:05,9.566666666666666
142,237,2024-12-28T16:58:35,10.766666666666667
43,237,2024-12-28T16:10:18,8.066666666666666
238,239,2024-12-28T16:36:50,4.65
246,142,2024-12-28T16:58:11,13.7
141,263,2024-12-28T16:09:24,5.55
68,236,2024-12-28T16:56:52,30.533333333333335
90,68,2024-12-28T16:58:07,8.216666666666667
161,79,2024-12-28T16:27:16,18.483333333333334
262,239,2024-12-28T16:12:38,13.683333333333334
132,243,2024-12-28T16:44:32,56.63333333333333
186,107,2024-12-28T16:45:19,22.783333333333335
79,145,2024-12-28T16:38:42,26.266666666666666
68,261,2024-12-28T17:24:15,19.1
132,107,2024-12-28T17:03:59,60.5
68,238,2024-12-28T17:52:37,28.766666666666666
43,161,2024-12-28T17:42:42,21.3
249,114,2024-12-28T17:40:07,5.316666666666666
138,228,2024-12-28T17:55:48,39.5
230,230,2024-12-28T17:38:16,6.666666666666667
237,140,2024-12-28T17:05:44,9.083333333333334
90,80,2024-12-28T17:50:20,30.883333333333333
132,220,2024-12-28T17:12:45,61.06666666666667
113,229,2024-12-28T18:33:01,17.066666666666666
161,144,2024-12-28T18:47:03,28.6
161,233,2024-12-28T18:47:58,9.116666666666667
141,143,2024-12-28T18:19:35,12.033333333333333
229,263,2024-12-28T18:25:55,9.133333333333333
170,137,2024-12-28T18:16:51,3.65
186,113,2024-12-28T18:30:34,12.733333333333333
100,164,2024-12-28T19:39:16,14.583333333333334
262,186,2024-12-28T19:26:44,28.6
239,239,2024-12-28T19:56:11,5.183333333333334
234,186,2024-12-28T19:30:19,12.266666666666667
114,162,2024-12-28T19:08:11,18.3
138,107,2024-12-28T19:54:47,17.866666666666667
237,236,2024-12-28T19:51:26,7.45
238,263,2024-12-28T20:43:14,8.45
79,107,2024-12-28T20:33:09,4.383333333333334
263,75,2024-12-28T20:19:15,9.233333333333333
246,113,2024-12-28T20:45:07,14.033333333333333
158,186,2024-12-28T20:14:36,7.6
144,140,2024-12-28T20:11:22,23.016666666666666
246,161,2024-12-28T20:32:41,30.05
48,143,2024-12-28T20:38:30,11.2
68,41,2024-12-28T21:48:03,24.383333333333333
249,107,2024-12-28T21:47:56,9.05
90,49,2024-12-28T22:22:20,29.0
230,141,2024-12-28T22:17:43,9.4
234,151,2024-12-28T22:12:39,22.233333333333334
163,143,2024-12-28T22:11:41,9.633333333333333
90,229,2024-12-28T22:09:05,14.033333333333333
163,262,2024-12-28T22:20:25,16.95
230,66,2024-12-28T22:53:38,35.8
132,131,2024-12-28T22:17:36,21.866666666666667
138,259,2024-12-28T23:38:59,22.8
48,79,2024-12-28T23:18:20,22.216666666666665
164,233,2024-12-28T23:10:42,10.933333333333334
48,162,2024-12-28T23:17:28,7.283333333333333
79,249,2024-12-28T23:57:15,11.466666666666667
107,224,2024-12-28T23:15:39,2.9166666666666665
186,141,2024-12-28T23:58:40,17.85
164,68,2024-12-29T00:52:42,3.283333333333333
100,90,2024-12-29T00:19:47,8.383333333333333
132,117,2024-12-29T00:09:55,28.35
186,107,2024-12-29T00:01:15,8.533333333333333
162,114,2024-12-29T00:03:54,14.983333333333333
141,261,2024-12-29T01:33:06,19.45
107,79,2024-12-29T01:59:08,4.633333333333334
28,17,2024-12-29T01:32:32,36.36666666666667
125,158,2024-12-29T02:02:20,2.5166666666666666
233,129,2024-12-29T02:14:42,13.85
79,164,2024-12-29T03:43:13,6.283333333333333
197,132,2024-12-29T06:33:31,18.95
238,236,2024-12-29T07:56:11,4.366666666666666
13,132,2024-12-29T07:57:00,34.916666666666664
138,75,2024-12-29T07:39:53,12.95
81,42,2024-12-29T07:17:50,44.25
186,90,2024-12-29T08:09:07,7.316666666666666
239,161,2024-12-29T09:45:18,9.0
238,239,2024-12-29T09:24:29,2.1
161,261,2024-12-29T09:46:34,15.566666666666666
239,162,2024-12-29T09:07:10,13.683333333333334
186,162,2024-12-29T09:54:38,5.333333333333333
170,43,2024-12-29T09:42:05,9.216666666666667
161,239,2024-12-29T10:51:57,12.566666666666666
162,232,2024-12-29T10:57:01,16.733333333333334
158,234,2024-12-29T10:08:17,5.766666666666667
162,114,2024-12-29T10:52:16,9.05
236,263,2024-12-29T10:09:24,4.766666666666667
151,238,2024-12-29T10:57:02,4.916666666666667
161,237,2024-12-29T10:09:40,5.15
70,249,2024-12-29T10:46:36,33.333333333333336
238,20,2024-12-29T10:04:56,49.5
161,68,2024-12-29T10:05:07,11.85
263,141,2024-12-29T11:16:04,3.0166666666666666
142,43,2024-12-29T11:01:17,9.8
90,79,2024-12-29T11:09:55,10.566666666666666
236,151,2024-12-29T11:46:40,12.85
261,230,2024-12-29T11:17:59,23.816666666666666
230,186,2024-12-29T11:43:42,8.533333333333333
143,238,2024-12-29T11:10:29,9.7
163,43,2024-12-29T11:42:00,6.5
238,233,2024-12-29T12:13:42,19.683333333333334
161,163,2024-12-29T12:57:39,13.7
263,138,2024-12-29T12:43:22,14.933333333333334
229,232,2024-12-29T12:40:28,15.516666666666667
161,246,2024-12-29T12:49:03,19.466666666666665
231,113,2024-12-29T12:45:20,11.933333333333334
246,236,2024-12-29T13:43:51,27.833333333333332
229,141,2024-12-29T13:58:36,6.133333333333334
237,162,2024-12-29T13:13:44,8.366666666666667
13,163,2024-12-29T13:32:10,24.133333333333333
138,137,2024-12-29T13:13:49,18.516666666666666
249,161,2024-12-29T13:46:48,23.266666666666666
50,50,2024-12-29T13:56:15,1.8833333333333333
239,193,2024-12-29T13:54:45,22.5
161,234,2024-12-29T13:23:09,14.416666666666666
140,79,2024-12-29T14:42:44,16.683333333333334
138,33,2024-12-29T14:23:50,40.71666666666667
162,138,2024-12-29T14:20:18,19.833333333333332
243,163,2024-12-29T14:28:37,36.333333333333336
161,114,2024-12-29T14:50:29,19.716666666666665
163,138,2024-12-29T14:08:05,25.5
163,48,2024-12-29T14:13:57,13.833333333333334
132,68,2024-12-29T14:01:36,58.45
246,162,2024-12-29T14:01:20,23.05
229,166,2024-12-29T15:21:54,19.75
170,164,2024-12-29T15:46:50,7.8
68,234,2024-12-29T15:01:31,7.666666666666667
114,237,2024-12-29T15:06:13,25.866666666666667
48,68,2024-12-29T15:38:13,5.45
186,163,2024-12-29T16:50:41,42.85
75,75,2024-12-29T16:25:51,11.416666666666666
107,50,2024-12-29T16:31:30,25.433333333333334
237,162,2024-12-29T16:07:59,16.116666666666667
68,234,2024-12-29T16:07:01,20.55
230,37,2024-12-29T16:17:30,37.11666666666667
237,237,2024-12-29T17:41:47,2.533333333333333
234,145,2024-12-29T17:49:09,17.75
246,48,2024-12-29T17:19:01,26.75
236,161,2024-12-29T17:18:57,19.683333333333334
249,158,2024-12-29T17:27:14,3.4166666666666665
239,151,2024-12-29T17:24:19,2.783333333333333
230,231,2024-12-29T17:25:50,42.25
45,186,2024-12-29T17:07:56,22.566666666666666
79,186,2024-12-29T17:18:40,13.383333333333333
186,100,2024-12-29T17:42:39,31.8
237,48,2024-12-29T17:13:50,25.283333333333335
144,87,2024-12-29T18:47:07,6.65
239,230,2024-12-29T18:39:03,23.566666666666666
162,140,2024-12-29T18:50:13,9.916666666666666
162,236,2024-12-29T18:55:40,9.1
162,125,2024-12-29T18:47:49,22.916666666666668
164,161,2024-12-29T18:07:37,21.2
142,143,2024-12-29T19:05:50,9.383333333333333
142,42,2024-12-29T19:37:33,16.2
138,144,2024-12-29T19:36:25,18.166666666666668
143,239,2024-12-29T19:36:45,4.033333333333333
68,211,2024-12-29T19:34:10,24.65
170,233,2024-12-29T19:41:18,3.5
246,161,2024-12-29T19:01:01,27.8
138,226,2024-12-29T19:25:10,15.583333333333334
144,233,2024-12-29T20:13:00,11.6
107,79,2024-12-29T20:27:35,4.016666666666667
114,87,2024-12-29T20:30:16,14.3
144,50,2024-12-29T20:34:09,24.95
138,255,2024-12-29T21:35:35,22.3
42,74,2024-12-29T21:11:39,8.25
138,80,2024-12-29T21:01:19,19.2
114,90,2024-12-29T21:15:00,10.65
163,236,2024-12-29T22:53:02,3.15
48,246,2024-12-29T22:13:27,5.866666666666666
237,231,2024-12-29T22:07:27,24.133333333333333
132,28,2024-12-29T21:59:27,15.116666666666667
43,151,2024-12-29T23:08:11,2.066666666666667
138,145,2024-12-29T23:27:21,15.783333333333333
226,70,2024-12-30T00:32:36,12.566666666666666
249,87,2024-12-30T00:24:17,11.366666666666667
234,163,2024-12-30T01:16:16,10.1
186,239,2024-12-30T01:48:46,11.216666666666667
114,236,2024-12-30T01:42:31,21.65
246,140,2024-12-30T02:58:58,18.333333333333332
170,170,2024-12-30T02:55:48,3.033333333333333
170,100,2024-12-30T06:36:12,7.316666666666666
239,161,2024-12-30T08:46:27,16.75
236,143,2024-12-30T09:01:52,3.7666666666666666
229,161,2024-12-30T09:45:42,8.016666666666667
163,107,2024-12-30T09:26:20,10.4
170,68,2024-12-30T10:10:21,15.516666666666667
141,236,2024-12-30T11:44:14,9.433333333333334
237,90,2024-12-30T11:48:56,21.85
234,148,2024-12-30T11:25:01,7.683333333333334
161,237,2024-12-30T11:13:10,4.55
261,113,2024-12-30T11:54:11,15.7
163,162,2024-12-30T12:41:42,3.566666666666667
68,186,2024-12-30T12:24:32,4.416666666666667
48,234,2024-12-30T12:44:02,33.1
75,74,2024-12-30T12:30:12,9.4
151,137,2024-12-30T12:36:40,23.316666666666666
237,12,2024-12-30T12:13:06,67.36666666666666
161,161,2024-12-30T12:13:36,18.183333333333334
230,132,2024-12-30T12:39:53,58.46666666666667
222,154,2024-12-30T12:07:47,18.6
138,42,2024-12-30T13:22:18,23.95
236,237,2024-12-30T13:00:32,9.75
100,43,2024-12-30T13:40:14,18.0
230,239,2024-12-30T13:27:27,11.85
162,100,2024-12-30T13:21:30,16.25
43,132,2024-12-30T13:10:15,71.86666666666666
161,138,2024-12-30T13:32:25,26.3
140,162,2024-12-30T13:42:09,14.05
186,49,2024-12-30T13:11:22,42.96666666666667
249,163,2024-12-30T14:49:43,31.816666666666666
170,161,2024-12-30T14:23:25,16.516666666666666
246,107,2024-12-30T14:32:30,22.016666666666666
151,237,2024-12-30T15:08:33,6.266666666666667
140,161,2024-12-30T15:51:03,11.15
125,162,2024-12-30T15:46:19,23.316666666666666
237,24,2024-12-30T15:35:41,14.283333333333333
132,164,2024-12-30T15:24:50,55.916666666666664
186,48,2024-12-30T15:57:21,9.75
161,164,2024-12-30T16:12:43,15.066666666666666
236,43,2024-12-30T16:57:15,12.416666666666666
114,107,2024-12-30T16:29:03,7.666666666666667
234,144,2024-12-30T16:00:32,10.966666666666667
161,164,2024-12-30T16:47:39,11.016666666666667
161,233,2024-12-30T16:13:06,7.083333333333333
236,48,2024-12-30T16:27:35,70.31666666666666
132,62,2024-12-30T16:45:20,63.36666666666667
230,132,2024-12-30T17:34:12,72.78333333333333
43,263,2024-12-30T17:33:24,5.683333333333334
261,231,2024-12-30T17:35:29,4.466666666666667
236,41,2024-12-30T17:48:32,12.483333333333333
43,237,2024-12-30T17:03:05,15.683333333333334
237,161,2024-12-30T17:57:12,24.383333333333333
79,144,2024-12-30T17:40:22,9.85
162,246,2024-12-30T17:28:27,41.65
239,158,2024-12-30T18:33:59,34.06666666666667
74,151,2024-12-30T18:14:37,13.65
142,236,2024-12-30T18:06:09,9.766666666666667
229,229,2024-12-30T19:11:34,4.033333333333333
234,209,2024-12-30T19:03:00,20.533333333333335
239,238,2024-12-30T19:29:02,2.6666666666666665
13,13,2024-12-30T19:12:22,1.9
161,186,2024-12-30T19:24:34,15.466666666666667
263,237,2024-12-30T20:17:10,7.4
233,263,2024-12-30T20:00:24,10.866666666666667
78,238,2024-12-30T20:49:27,30.216666666666665
48,68,2024-12-30T21:53:41,10.4
137,68,2024-12-30T21:18:05,19.016666666666666
138,7,2024-12-30T21:42:07,8.516666666666667
163,142,2024-12-30T21:01:40,6.066666666666666
262,75,2024-12-30T22:07:44,5.766666666666667
138,79,2024-12-30T22:50:16,22.116666666666667
48,186,2024-12-30T22:36:26,11.9
125,142,2024-12-30T23:16:47,14.783333333333333
68,249,2024-12-30T23:13:41,5.6
113,90,2024-12-30T23:05:35,5.766666666666667
132,112,2024-12-30T23:55:39,53.11666666666667
48,234,2024-12-31T00:06:32,9.316666666666666
138,151,2024-12-31T00:15:08,27.616666666666667
132,79,2024-12-31T00:06:00,35.916666666666664
233,49,2024-12-31T01:06:03,27.266666666666666
164,162,2024-12-31T01:39:29,3.95
114,148,2024-12-31T02:19:51,7.233333333333333
236,48,2024-12-31T06:24:37,13.2
48,141,2024-12-31T07:03:28,16.866666666666667
236,170,2024-12-31T08:18:24,12.166666666666666
48,237,2024-12-31T08:49:41,10.4
186,164,2024-12-31T08:31:49,5.816666666666666
90,132,2024-12-31T08:11:09,33.983333333333334
42,230,2024-12-31T08:43:31,14.95
132,95,2024-12-31T08:45:21,22.783333333333335
186,107,2024-12-31T09:07:34,4.766666666666667
263,137,2024-12-31T10:25:09,11.15
48,186,2024-12-31T10:21:39,6.35
68,132,2024-12-31T11:58:43,36.93333333333333
151,151,2024-12-31T11:01:17,3.8666666666666667
161,229,2024-12-31T11:17:22,6.433333333333334
161,13,2024-12-31T11:42:49,18.066666666666666
237,237,2024-12-31T11:03:25,3.1166666666666667
161,142,2024-12-31T11:47:43,19.05
162,43,2024-12-31T12:57:33,11.933333333333334
170,107,2024-12-31T12:52:07,9.466666666666667
231,45,2024-12-31T12:55:41,6.7
262,162,2024-12-31T12:26:38,9.166666666666666
137,42,2024-12-31T13:30:15,14.916666666666666
236,262,2024-12-31T13:03:10,7.0
164,1,2024-12-31T13:07:41,52.666666666666664
249,79,2024-12-31T13:32:23,9.0
162,263,2024-12-31T13:25:05,4.816666666666666
163,144,2024-12-31T13:27:53,24.116666666666667
114,261,2024-12-31T14:06:11,20.416666666666668
138,256,2024-12-31T14:39:14,33.666666666666664
262,141,2024-12-31T14:44:55,5.4
162,236,2024-12-31T14:20:24,13.133333333333333
211,148,2024-12-31T14:31:32,6.183333333333334
144,48,2024-12-31T14:26:20,28.133333333333333
132,237,2024-12-31T14:39:03,51.7
144,4,2024-12-31T15:56:04,6.016666666666667
238,163,2024-12-31T15:57:24,11.166666666666666
236,162,2024-12-31T15:57:45,9.616666666666667
24,74,2024-12-31T15:44:16,15.333333333333334
132,17,2024-12-31T15:37:51,46.733333333333334
237,236,2024-12-31T15:00:29,5.016666666666667
263,43,2024-12-31T15:20:08,6.766666666666667
237,164,2024-12-31T16:35:23,18.283333333333335
229,232,2024-12-31T16:20:34,17.4
246,68,2024-12-31T16:32:28,8.766666666666667
209,79,2024-12-31T16:08:48,11.8
141,162,2024-12-31T16:09:05,12.616666666666667
141,142,2024-12-31T17:22:21,15.15
142,236,2024-12-31T17:14:10,9.566666666666666
262,217,2024-12-31T17:02:40,32.18333333333333
239,90,2024-12-31T17:30:40,24.416666666666668
138,36,2024-12-31T17:22:58,36.016666666666666
161,261,2024-12-31T18:35:43,22.666666666666668
238,141,2024-12-31T18:16:35,12.233333333333333
142,260,2024-12-31T18:55:27,20.933333333333334
163,161,2024-12-31T18:06:59,1.7666666666666666
141,263,2024-12-31T18:00:53,5.15
107,45,2024-12-31T18:46:54,13.833333333333334
238,237,2024-12-31T19:33:43,10.5
236,239,2024-12-31T19:10:39,5.733333333333333
158,231,2024-12-31T19:05:00,9.333333333333334
142,142,2024-12-31T19:51:37,3.8833333333333333
100,132,2024-12-31T19:18:30,43.53333333333333
48,132,2024-12-31T19:12:30,42.38333333333333
13,229,2024-12-31T20:25:19,19.416666666666668
142,107,2024-12-31T20:30:01,19.966666666666665
237,161,2024-12-31T20:32:44,10.966666666666667
164,13,2024-12-31T20:44:12,25.183333333333334
186,68,2024-12-31T20:28:53,8.8
45,232,2024-12-31T21:52:53,9.55
24,79,2024-12-31T21:25:40,39.78333333333333
142,141,2024-12-31T21:40:10,14.933333333333334
164,90,2024-12-31T21:58:35,5.183333333333334
144,90,2024-12-31T21:45:02,23.7
236,262,2024-12-31T22:55:42,5.816666666666666
237,141,2024-12-31T22:40:35,8.133333333333333
261,163,2024-12-31T22:25:20,29.016666666666666
142,236,2024-12-31T22:58:51,9.766666666666667
113,211,2024-12-31T22:53:47,6.633333333333334
164,164,2024-12-31T23:04:23,5.166666666666667
113,144,2024-12-31T23:12:19,6.783333333333333
249,249,2024-12-01T00:17:53,5.6
144,164,2024-12-01T01:58:36,9.066666666666666
249,170,2024-12-01T01:30:02,10.4
79,236,2024-12-01T01:26:23,15.583333333333334
158,106,2024-12-01T14:13:25,20.55
143,137,2024-12-01T14:18:56,32.31666666666667
114,100,2024-12-01T15:09:42,13.433333333333334
161,211,2024-12-01T16:34:54,23.533333333333335
238,50,2024-12-01T16:57:12,11.5
90,138,2024-12-01T17:19:03,34.86666666666667
142,236,2024-12-02T15:08:22,20.016666666666666
229,164,2024-12-02T20:32:16,9.5
163,261,2024-12-02T21:41:47,21.65
161,170,2024-12-02T21:03:33,7.133333333333334
95,70,2024-12-02T22:18:06,16.0
163,79,2024-12-02T23:29:00,11.75
236,230,2024-12-03T07:44:24,15.216666666666667
81,182,2024-12-03T08:12:01,16.183333333333334
42,246,2024-12-03T11:23:06,21.033333333333335
164,114,2024-12-03T12:55:59,14.066666666666666
161,170,2024-12-03T13:43:08,15.183333333333334
88,170,2024-12-03T14:58:04,34.88333333333333
144,186,2024-12-03T18:13:03,19.066666666666666
90,87,2024-12-03T20:48:54,19.316666666666666
37,78,2024-12-04T01:05:11,26.016666666666666
68,132,2024-12-04T07:17:39,51.56666666666667
113,230,2024-12-04T09:30:30,40.516666666666666
237,162,2024-12-04T10:51:07,25.55
114,50,2024-12-04T14:49:55,39.96666666666667
140,229,2024-12-04T15:24:59,17.216666666666665
164,230,2024-12-04T16:38:17,47.88333333333333
239,166,2024-12-04T16:01:10,13.8
233,237,2024-12-04T21:24:37,6.8
229,246,2024-12-04T23:52:49,25.366666666666667
236,74,2024-12-04T23:59:33,3.3
137,170,2024-12-05T01:04:00,14.0
61,33,2024-12-05T08:08:10,17.45
224,238,2024-12-05T08:44:21,36.25
49,188,2024-12-05T09:17:39,23.983333333333334
236,236,2024-12-05T11:26:41,4.083333333333333
88,161,2024-12-05T11:29:16,34.8
237,234,2024-12-05T15:23:16,26.25
161,246,2024-12-05T16:22:36,36.9
263,68,2024-12-05T16:40:02,40.016666666666666
48,234,2024-12-05T16:57:12,6.633333333333334
186,50,2024-12-05T18:12:50,41.2
143,249,2024-12-05T19:03:02,28.066666666666666
211,231,2024-12-05T20:59:33,6.483333333333333
249,49,2024-12-05T21:44:26,28.483333333333334
113,236,2024-12-05T21:34:08,25.75
100,100,2024-12-05T21:59:19,2.933333333333333
87,48,2024-12-05T21:35:40,32.78333333333333
161,257,2024-12-05T22:28:31,40.583333333333336
163,209,2024-12-05T22:41:00,31.0
125,137,2024-12-06T00:01:10,11.083333333333334
41,42,2024-12-06T01:20:00,4.0
79,209,2024-12-06T06:20:34,8.316666666666666
211,170,2024-12-06T09:59:32,25.333333333333332
233,68,2024-12-06T10:25:20,25.433333333333334
263,143,2024-12-06T11:09:42,19.516666666666666
238,79,2024-12-06T12:52:48,38.93333333333333
164,263,2024-12-06T12:51:19,31.5
140,262,2024-12-06T14:09:08,5.633333333333334
243,140,2024-12-06T15:17:11,34.38333333333333
68,181,2024-12-06T15:08:03,52.18333333333333
230,137,2024-12-06T16:52:00,21.116666666666667
49,79,2024-12-06T17:50:32,29.533333333333335
256,26,2024-12-06T17:31:23,37.016666666666666
263,229,2024-12-06T19:53:00,18.0
229,148,2024-12-06T19:59:42,45.93333333333333
239,68,2024-12-06T19:39:54,26.533333333333335
79,249,2024-12-06T21:55:32,15.433333333333334
68,48,2024-12-06T21:30:11,7.516666666666667
143,151,2024-12-06T22:11:07,10.3
236,148,2024-12-06T22:25:05,27.366666666666667
239,24,2024-12-06T23:02:16,4.6
249,211,2024-12-06T23:48:06,7.6
234,90,2024-12-06T23:20:32,3.7
48,90,2024-12-06T23:01:17,19.85
249,170,2024-12-06T23:19:38,21.916666666666668
161,79,2024-12-07T00:52:04,16.083333333333332
249,246,2024-12-07T00:30:29,16.183333333333334
239,186,2024-12-07T00:48:08,20.1
61,71,2024-12-07T01:43:17,10.2
229,161,2024-12-07T09:33:55,8.6
233,138,2024-12-07T10:28:17,15.583333333333334
79,90,2024-12-07T12:19:30,12.783333333333333
41,42,2024-12-07T12:17:25,6.85
236,239,2024-12-07T12:36:22,7.433333333333334
216,134,2024-12-07T16:42:02,14.433333333333334
237,161,2024-12-07T17:16:08,23.133333333333333
164,75,2024-12-07T17:34:07,24.566666666666666
164,161,2024-12-07T19:03:31,20.85
151,238,2024-12-07T20:58:38,7.133333333333334
152,243,2024-12-07T20:51:10,14.033333333333333
67,148,2024-12-07T20:17:16,29.833333333333332
236,209,2024-12-07T20:30:50,23.016666666666666
113,125,2024-12-07T20:18:18,11.733333333333333
238,74,2024-12-07T20:00:05,23.633333333333333
261,158,2024-12-07T22:56:41,13.45
255,37,2024-12-07T22:27:59,13.583333333333334
107,151,2024-12-07T22:24:24,37.06666666666667
114,143,2024-12-08T00:01:30,34.45
181,142,2024-12-08T00:26:01,40.93333333333333
107,24,2024-12-08T00:07:27,33.016666666666666
141,41,2024-12-08T00:49:21,16.65
157,239,2024-12-08T04:05:39,26.1
137,162,2024-12-08T10:58:28,17.3
215,218,2024-12-08T10:42:37,12.0
143,263,2024-12-08T12:54:17,18.333333333333332
137,45,2024-12-08T12:04:43,17.133333333333333
143,48,2024-12-08T12:07:24,11.166666666666666
249,100,2024-12-08T14:49:12,31.883333333333333
237,170,2024-12-08T15:16:00,20.0
237,162,2024-12-08T15:09:05,5.9
211,162,2024-12-08T15:27:23,20.85
236,238,2024-12-08T15:07:12,16.083333333333332
88,186,2024-12-08T15:39:04,23.833333333333332
234,142,2024-12-08T15:32:24,28.233333333333334
143,249,2024-12-08T15:18:54,30.383333333333333
170,231,2024-12-08T17:37:02,18.283333333333335
236,237,2024-12-08T19:03:22,6.083333333333333
142,107,2024-12-08T19:20:15,27.416666666666668
68,13,2024-12-08T20:25:39,15.283333333333333
230,233,2024-12-08T20:08:23,15.85
230,141,2024-12-08T22:59:30,16.016666666666666
161,236,2024-12-08T23:01:12,20.7
48,127,2024-12-09T03:55:20,19.5
90,68,2024-12-09T06:51:56,5.066666666666666
263,237,2024-12-09T08:33:31,8.883333333333333
262,68,2024-12-09T09:35:56,27.55
121,37,2024-12-09T14:40:14,23.2
132,229,2024-12-09T16:57:57,73.8
170,163,2024-12-09T17:45:40,20.733333333333334
238,166,2024-12-09T17:19:11,12.683333333333334
161,236,2024-12-09T17:36:09,26.933333333333334
236,236,2024-12-09T18:07:10,8.066666666666666
125,163,2024-12-09T18:36:20,35.166666666666664
210,123,2024-12-09T18:01:57,20.033333333333335
166,75,2024-12-09T19:41:15,11.55
48,68,2024-12-09T21:06:10,8.366666666666667
262,236,2024-12-10T07:22:30,6.583333333333333
37,209,2024-12-10T07:00:32,26.366666666666667
249,186,2024-12-10T12:33:09,19.116666666666667
162,90,2024-12-10T17:47:50,20.65
42,75,2024-12-10T18:10:35,15.2
163,261,2024-12-10T18:51:19,25.3
232,40,2024-12-10T19:27:20,23.183333333333334
87,144,2024-12-10T19:24:00,14.0
141,163,2024-12-10T20:18:22,10.583333333333334
237,239,2024-12-10T20:36:09,10.15
50,246,2024-12-10T20:03:45,4.9
90,50,2024-12-10T20:28:16,22.116666666666667
163,237,2024-12-10T21:05:22,3.85
79,107,2024-12-10T21:49:09,2.816666666666667
113,231,2024-12-10T21:32:36,6.65
230,166,2024-12-10T22:33:21,14.05
68,90,2024-12-10T22:33:39,9.4
107,10,2024-12-10T22:09:47,42.11666666666667
112,261,2024-12-10T23:07:34,28.1
236,246,2024-12-11T06:28:35,19.95
142,24,2024-12-11T07:33:56,8.4
233,100,2024-12-11T07:11:18,6.133333333333334
166,13,2024-12-11T08:12:32,45.46666666666667
236,13,2024-12-11T08:34:26,34.733333333333334
52,145,2024-12-11T08:46:42,38.81666666666667
141,162,2024-12-11T09:52:29,17.716666666666665
13,170,2024-12-11T12:06:09,40.13333333333333
100,158,2024-12-11T15:42:15,10.716666666666667
231,224,2024-12-11T16:35:49,27.2
163,114,2024-12-11T17:06:23,57.2
141,263,2024-12-11T18:01:07,8.35
163,79,2024-12-11T19:47:50,35.766666666666666
170,138,2024-12-11T19:19:37,23.133333333333333
113,90,2024-12-11T19:11:13,13.983333333333333
246,113,2024-12-11T19:35:09,17.033333333333335
66,133,2024-12-11T19:21:10,25.2
239,140,2024-12-11T20:28:42,14.883333333333333
45,263,2024-12-11T21:47:00,35.0
142,48,2024-12-11T21:58:29,6.4
43,263,2024-12-11T22:36:08,9.25
211,148,2024-12-11T22:35:08,9.966666666666667
234,262,2024-12-11T23:34:38,13.683333333333334
148,48,2024-12-12T01:21:41,16.583333333333332
106,100,2024-12-12T08:05:06,37.4
107,138,2024-12-12T09:40:29,35.233333333333334
239,68,2024-12-12T09:33:36,21.233333333333334
249,211,2024-12-12T17:32:48,10.433333333333334
234,211,2024-12-12T19:18:30,11.65
74,164,2024-12-12T19:36:39,42.43333333333333
148,186,2024-12-12T21:01:49,31.033333333333335
170,246,2024-12-12T23:07:25,53.65
65,138,2024-12-13T06:50:49,17.383333333333333
48,244,2024-12-13T06:33:09,12.666666666666666
33,65,2024-12-13T08:08:24,7.583333333333333
161,162,2024-12-13T09:58:40,4.566666666666666
263,141,2024-12-13T10:18:51,7.583333333333333
7,41,2024-12-13T11:32:52,30.783333333333335
180,216,2024-12-13T11:42:43,8.266666666666667
229,162,2024-12-13T12:10:22,13.5
170,142,2024-12-13T12:58:11,25.066666666666666
50,238,2024-12-13T13:58:08,12.433333333333334
50,68,2024-12-13T13:25:36,12.833333333333334
166,243,2024-12-13T13:28:29,13.766666666666667
75,232,2024-12-13T17:45:56,30.266666666666666
68,50,2024-12-13T19:24:52,11.433333333333334
114,107,2024-12-13T19:09:43,12.366666666666667
79,249,2024-12-13T19:06:07,17.566666666666666
107,90,2024-12-13T19:03:25,15.883333333333333
166,50,2024-12-13T19:47:18,19.633333333333333
114,107,2024-12-13T19:42:52,11.033333333333333
246,163,2024-12-13T21:19:38,12.383333333333333
75,41,2024-12-13T21:14:35,7.6
170,4,2024-12-13T22:20:25,31.6
232,79,2024-12-13T22:18:33,11.733333333333333
170,48,2024-12-13T22:55:00,26.0
90,211,2024-12-13T23:43:13,13.333333333333334
112,13,2024-12-13T23:55:53,32.45
168,223,2024-12-13T23:49:06,13.733333333333333
148,107,2024-12-13T23:50:06,14.65
107,66,2024-12-14T01:19:44,22.3
140,262,2024-12-14T01:14:12,3.533333333333333
100,233,2024-12-14T01:38:38,8.833333333333334
246,164,2024-12-14T02:12:20,10.316666666666666
142,138,2024-12-14T04:58:11,21.8
238,237,2024-12-14T10:47:13,19.216666666666665
48,246,2024-12-14T12:41:39,11.683333333333334
229,141,2024-12-14T14:47:22,5.466666666666667
229,164,2024-12-14T17:14:00,37.0
170,148,2024-12-14T17:03:58,23.35
79,61,2024-12-14T17:07:47,35.833333333333336
142,140,2024-12-14T17:41:36,19.583333333333332
140,113,2024-12-14T19:43:52,35.53333333333333
262,68,2024-12-14T19:01:24,26.35
170,144,2024-12-14T19:53:05,21.516666666666666
231,148,2024-12-14T19:46:48,12.466666666666667
41,41,2024-12-14T19:36:44,7.75
231,87,2024-12-14T19:06:18,4.85
234,246,2024-12-14T19:19:43,18.566666666666666
233,161,2024-12-14T19:37:20,25.95
249,161,2024-12-14T20:46:36,32.166666666666664
107,162,2024-12-14T20:46:44,5.55
231,148,2024-12-14T20:27:33,16.483333333333334
148,231,2024-12-14T23:49:02,14.383333333333333
68,246,2024-12-15T00:54:32,6.85
255,140,2024-12-15T01:22:44,17.583333333333332
89,256,2024-12-15T01:34:58,23.083333333333332
112,157,2024-12-15T04:02:35,12.833333333333334
262,137,2024-12-15T10:49:57,13.0
107,162,2024-12-15T10:59:22,6.366666666666666
137,68,2024-12-15T11:23:32,13.166666666666666
236,239,2024-12-15T16:07:55,18.583333333333332
75,141,2024-12-15T16:02:27,21.2
66,65,2024-12-15T18:36:59,11.333333333333334
140,137,2024-12-15T18:42:34,20.266666666666666
255,148,2024-12-15T20:54:28,12.616666666666667
249,246,2024-12-15T22:53:20,8.783333333333333
144,238,2024-12-16T00:33:39,23.65
113,137,2024-12-16T00:18:49,6.616666666666666
24,1,2024-12-16T04:28:39,30.966666666666665
237,230,2024-12-16T06:40:11,9.35
142,230,2024-12-16T07:51:04,4.333333333333333
143,263,2024-12-16T07:56:18,28.583333333333332
142,263,2024-12-16T08:50:44,24.083333333333332
236,236,2024-12-16T08:59:20,3.1666666666666665
33,162,2024-12-16T08:56:54,31.616666666666667
140,107,2024-12-16T09:20:00,10.0
141,161,2024-12-16T09:20:49,11.85
161,41,2024-12-16T11:09:14,54.666666666666664
238,141,2024-12-16T12:18:56,20.9
113,246,2024-12-16T14:55:33,19.45
163,75,2024-12-16T15:58:18,23.6
229,142,2024-12-16T16:39:02,23.783333333333335
209,87,2024-12-16T17:39:39,6.9
166,152,2024-12-16T18:23:04,5.75
231,186,2024-12-16T19:00:26,15.266666666666667
211,163,2024-12-16T19:54:43,24.75
144,164,2024-12-16T21:25:50,10.316666666666666
164,161,2024-12-16T21:30:00,7.0
79,50,2024-12-16T22:04:58,21.2
50,142,2024-12-16T22:38:24,6.033333333333333
114,261,2024-12-16T22:39:42,15.133333333333333
162,234,2024-12-16T22:18:14,6.733333333333333
249,113,2024-12-16T22:47:34,7.466666666666667
162,145,2024-12-16T23:47:53,12.45
140,137,2024-12-17T06:07:41,10.15
161,144,2024-12-17T07:33:42,13.416666666666666
236,234,2024-12-17T08:13:21,24.083333333333332
50,166,2024-12-17T08:33:58,17.383333333333333
63,49,2024-12-17T09:25:41,34.016666666666666
229,234,2024-12-17T12:05:29,24.4
162,249,2024-12-17T13:49:07,31.05
113,138,2024-12-17T13:09:27,41.3
87,186,2024-12-17T15:37:38,27.166666666666668
12,230,2024-12-17T15:24:59,50.516666666666666
17,4,2024-12-17T16:42:44,26.983333333333334
144,186,2024-12-17T16:59:13,23.116666666666667
237,237,2024-12-17T20:20:26,3.55
186,161,2024-12-18T00:34:08,7.266666666666667
231,113,2024-12-18T06:47:24,7.8
238,142,2024-12-18T13:53:21,16.85
237,1,2024-12-18T13:41:08,53.266666666666666
238,164,2024-12-18T14:44:05,48.9
146,132,2024-12-18T15:43:45,57.083333333333336
33,87,2024-12-18T18:33:22,20.5
114,230,2024-12-18T19:35:35,31.083333333333332
87,137,2024-12-18T19:25:52,19.466666666666665
90,211,2024-12-18T20:37:40,17.466666666666665
144,62,2024-12-18T20:28:45,25.183333333333334
230,13,2024-12-18T22:13:49,35.61666666666667
161,164,2024-12-18T22:20:55,5.416666666666667
90,158,2024-12-18T23:08:04,6.266666666666667
113,234,2024-12-18T23:56:00,8.0
13,48,2024-12-19T00:44:01,15.933333333333334
158,231,2024-12-19T06:54:00,14.0
249,140,2024-12-19T07:50:51,28.683333333333334
143,246,2024-12-19T07:57:14,8.2
48,114,2024-12-19T08:45:20,23.05
68,246,2024-12-19T08:58:59,7.7
239,142,2024-12-19T08:02:26,6.366666666666666
142,90,2024-12-19T13:19:01,23.166666666666668
151,68,2024-12-19T14:27:08,35.9
148,100,2024-12-19T16:37:13,35.28333333333333
144,79,2024-12-19T17:08:38,16.066666666666666
43,236,2024-12-19T17:02:41,2.533333333333333
234,161,2024-12-19T17:26:26,35.88333333333333
211,68,2024-12-19T18:36:06,10.683333333333334
170,162,2024-12-19T18:49:49,6.0
244,74,2024-12-19T18:00:18,12.483333333333333
186,246,2024-12-19T19:32:15,14.7
161,164,2024-12-19T19:50:43,12.25
234,230,2024-12-19T19:06:58,38.36666666666667
148,107,2024-12-19T20:16:16,12.316666666666666
114,239,2024-12-19T21:02:34,33.86666666666667
158,45,2024-12-19T21:29:33,16.133333333333333
230,41,2024-12-19T22:52:50,19.9
48,236,2024-12-19T23:20:16,16.3
229,48,2024-12-19T23:52:11,12.816666666666666
137,79,2024-12-19T23:38:34,3.9833333333333334
15,16,2024-12-19T23:45:23,7.7
186,243,2024-12-20T00:13:12,34.06666666666667
236,236,2024-12-20T07:54:37,5.116666666666666
244,142,2024-12-20T08:19:16,18.833333333333332
234,118,2024-12-20T08:43:08,36.483333333333334
79,186,2024-12-20T11:53:28,26.833333333333332
142,1,2024-12-20T14:48:00,60.0
162,107,2024-12-20T17:13:55,16.816666666666666
257,188,2024-12-20T17:56:10,26.25
158,234,2024-12-20T17:39:00,15.0
145,179,2024-12-20T18:32:00,16.0
186,163,2024-12-20T19:53:21,21.433333333333334
160,7,2024-12-20T20:04:38,23.7
158,142,2024-12-20T20:33:59,29.783333333333335
143,170,2024-12-20T21:20:01,31.1
237,211,2024-12-20T23:07:52,21.616666666666667
234,170,2024-12-20T23:30:23,13.533333333333333
114,144,2024-12-20T23:07:05,8.233333333333333
161,234,2024-12-20T23:59:03,7.933333333333334
234,233,2024-12-21T01:28:33,12.266666666666667
87,42,2024-12-21T01:29:53,22.9
48,166,2024-12-21T02:19:44,13.466666666666667
164,261,2024-12-21T04:01:30,15.05
88,68,2024-12-21T05:53:35,15.333333333333334
48,211,2024-12-21T07:50:57,10.816666666666666
170,186,2024-12-21T08:43:35,12.016666666666667
244,243,2024-12-21T09:53:07,10.283333333333333
114,231,2024-12-21T10:51:56,7.65
143,236,2024-12-21T13:35:21,13.3
246,261,2024-12-21T14:08:48,22.266666666666666
144,100,2024-12-21T15:27:27,41.983333333333334
230,79,2024-12-21T16:10:21,28.3
236,142,2024-12-21T16:21:12,11.333333333333334
158,90,2024-12-21T16:34:38,6.183333333333334
140,236,2024-12-21T17:57:50,9.533333333333333
261,231,2024-12-21T17:15:39,7.133333333333334
13,158,2024-12-21T18:05:20,7.966666666666667
237,230,2024-12-21T18:12:04,22.933333333333334
56,76,2024-12-21T18:04:18,50.21666666666667
113,224,2024-12-21T20:39:56,9.766666666666667
40,148,2024-12-21T20:51:17,16.0
137,246,2024-12-21T20:01:25,18.216666666666665
80,48,2024-12-21T22:43:00,38.0
7,170,2024-12-21T22:23:00,25.0
158,140,2024-12-22T01:12:15,15.683333333333334
123,210,2024-12-22T01:02:45,2.95
79,100,2024-12-22T01:51:48,19.133333333333333
197,16,2024-12-22T05:35:58,25.066666666666666
48,164,2024-12-22T08:38:04,9.666666666666666
236,170,2024-12-22T09:50:27,15.2
85,189,2024-12-22T09:10:07,14.166666666666666
79,186,2024-12-22T14:25:35,22.95
246,211,2024-12-22T14:39:15,19.65
42,261,2024-12-22T14:23:57,36.36666666666667
66,233,2024-12-22T15:48:02,17.0
142,100,2024-12-22T16:42:37,32.083333333333336
87,68,2024-12-22T17:39:41,14.766666666666667
87,48,2024-12-22T18:48:49,36.916666666666664
164,114,2024-12-22T18:45:42,11.75
113,87,2024-12-22T19:12:14,13.633333333333333
85,152,2024-12-22T19:37:26,56.266666666666666
163,229,2024-12-22T19:22:36,14.483333333333333
62,72,2024-12-22T19:31:06,15.916666666666666
161,261,2024-12-22T22:54:36,19.216666666666665
79,45,2024-12-23T00:34:52,6.05
140,138,2024-12-23T05:44:27,27.833333333333332
237,137,2024-12-23T06:33:12,10.05
236,230,2024-12-23T09:32:12,15.816666666666666
75,138,2024-12-23T13:04:00,16.0
256,65,2024-12-23T13:07:13,22.4
236,164,2024-12-23T14:23:57,29.766666666666666
163,162,2024-12-23T15:18:28,20.166666666666668
164,48,2024-12-23T15:51:16,25.533333333333335
41,151,2024-12-23T15:43:45,11.4
43,162,2024-12-23T16:01:27,26.3
49,255,2024-12-23T17:35:00,18.733333333333334
262,162,2024-12-23T19:28:01,10.416666666666666
263,138,2024-12-23T20:40:48,20.2
158,48,2024-12-23T22:10:33,14.2
90,244,2024-12-24T00:51:25,20.45
239,65,2024-12-24T09:59:00,32.0
79,186,2024-12-24T09:14:01,18.7
263,107,2024-12-24T11:57:25,15.166666666666666
223,92,2024-12-24T11:44:15,20.933333333333334
87,144,2024-12-24T11:29:09,20.966666666666665
13,90,2024-12-24T13:45:39,15.5
25,188,2024-12-24T16:25:26,26.433333333333334
239,230,2024-12-24T16:38:13,12.166666666666666
239,237,2024-12-24T17:38:36,8.616666666666667
69,168,2024-12-24T17:26:41,12.633333333333333
261,230,2024-12-24T18:35:51,20.916666666666668
107,231,2024-12-24T19:47:33,11.783333333333333
67,72,2024-12-24T22:38:47,32.05
161,90,2024-12-24T22:27:18,8.4
202,82,2024-12-25T00:26:15,19.216666666666665
192,216,2024-12-25T02:47:53,17.283333333333335
238,132,2024-12-25T07:33:30,30.9
163,236,2024-12-25T12:31:18,6.783333333333333
237,237,2024-12-25T14:40:10,3.1333333333333333
193,260,2024-12-25T14:21:28,12.35
126,98,2024-12-25T15:48:25,15.833333333333334
144,170,2024-12-25T16:08:00,15.0
239,141,2024-12-25T18:45:45,11.666666666666666
165,108,2024-12-25T21:44:13,13.3
254,81,2024-12-25T22:17:32,3.6166666666666667
114,161,2024-12-25T23:17:38,13.983333333333333
234,79,2024-12-26T01:22:22,7.966666666666667
100,75,2024-12-26T07:19:22,14.216666666666667
198,198,2024-12-26T08:38:37,11.733333333333333
134,56,2024-12-26T13:12:10,60.68333333333333
161,79,2024-12-26T16:14:28,22.133333333333333
239,244,2024-12-26T23:10:53,14.316666666666666
163,79,2024-12-27T13:05:00,23.0
148,138,2024-12-27T13:04:36,20.616666666666667
129,237,2024-12-27T14:46:36,45.85
239,186,2024-12-27T18:34:48,28.5
148,209,2024-12-27T22:05:49,8.633333333333333
68,244,2024-12-28T01:51:55,21.633333333333333
263,238,2024-12-28T06:50:00,10.0
249,230,2024-12-28T10:44:23,18.283333333333335
68,230,2024-12-28T17:17:30,52.666666666666664
163,236,2024-12-28T17:19:00,17.0
43,24,2024-12-28T18:33:43,15.366666666666667
163,161,2024-12-28T18:37:14,9.083333333333334
224,234,2024-12-28T18:04:35,9.6
142,162,2024-12-28T19:14:20,16.883333333333333
230,100,2024-12-28T21:47:04,13.05
249,127,2024-12-29T00:37:38,28.5
80,36,2024-12-29T02:23:44,4.666666666666667
68,162,2024-12-29T14:05:34,21.15
231,100,2024-12-29T18:07:26,40.81666666666667
179,7,2024-12-29T20:38:00,8.0
161,68,2024-12-29T22:14:47,14.8
230,164,2024-12-29T22:40:11,31.55
90,13,2024-12-30T14:22:27,17.583333333333332
65,87,2024-12-30T17:31:24,10.483333333333333
97,49,2024-12-31T00:46:48,6.133333333333334
50,148,2024-12-31T08:37:27,22.766666666666666
230,161,2024-12-31T13:02:03,16.666666666666668
100,141,2024-12-31T14:19:24,11.15
236,50,2024-12-31T16:52:14,17.233333333333334
13,114,2024-12-31T17:47:16,17.1
151,140,2024-12-31T20:52:58,14.45
140,239,2024-12-31T20:22:59,16.266666666666666
237,170,2024-12-31T20:44:29,22.066666666666666
236,141,2024-12-31T21:43:12,11.45
263,75,2024-12-31T21:01:20,7.3
144,48,2024-12-31T22:50:56,37.93333333333333
43,48,2024-12-31T22:37:12,17.85
